Judul Pelatihan,Topik,Hari Pelatihan,Jam Pelatihan Per Hari,Tanggal Awal,Tanggal Akhir,Biaya Online,Biaya Offline,Online,Offline,Lokasi Pelatihan,Contact Person,No Telepon/HP,Alamat Email
Circuit Breakers Commisioning Operation & Maintenance,Electrical & Engineering,2 Hari,8 Jam,10-Feb-25,11-Feb-25,IDR 4.000.000,IDR 6.000.000,Yes,Yes,Jakarta/Bandung/Yoyakarta,Gunawan,082122836526,gunawan@united-trainingdevelopment.com
Logic & Digital Control System,Electrical & Engineering,2 Hari,8 Jam,13-Aug-25,14-Aug-25,IDR 4.000.000,IDR 6.000.000,Yes,Yes,Jakarta/Bandung/Yoyakarta,Gunawan,082122836526,gunawan@united-trainingdevelopment.com
Electrical power Transformer,Electrical & Engineering,2 Hari,8 Jam,09-Jan-25,10-Jan-25,IDR 4.000.000,IDR 6.000.000,Yes,Yes,Jakarta/Bandung/Yoyakarta,Gunawan,082122836526,gunawan@united-trainingdevelopment.com
"Start-up, Commissioning, and Testing of Electrical System",Electrical & Engineering,2 Hari,8 Jam,23-Jan-25,24-Jan-25,IDR 4.000.000,IDR 6.000.000,Yes,Yes,Jakarta/Bandung/Yoyakarta,Gunawan,082122836526,gunawan@united-trainingdevelopment.com
Electrical Engenering Fundamental,Electrical & Engineering,2 Hari,8 Jam,10-Feb-25,11-Feb-25,IDR 4.000.000,IDR 6.000.000,Yes,Yes,Jakarta/Bandung/Yoyakarta,Gunawan,082122836526,gunawan@united-trainingdevelopment.com
Electrical Engenering For Facilities Personal,Electrical & Engineering,2 Hari,8 Jam,29-Apr-25,30-Apr-25,IDR 4.000.000,IDR 6.000.000,Yes,Yes,Jakarta/Bandung/Yoyakarta,Gunawan,082122836526,gunawan@united-trainingdevelopment.com
"Electric Power Motor, Control, Generator, and Transformer",Electrical & Engineering,2 Hari,8 Jam,20-Feb-25,21-Feb-25,IDR 4.000.000,IDR 6.000.000,Yes,Yes,Jakarta/Bandung/Yoyakarta,Gunawan,082122836526,gunawan@united-trainingdevelopment.com
Electrical Motor Protection,Electrical & Engineering,2 Hari,8 Jam,13-Aug-25,14-Aug-25,IDR 4.000.000,IDR 6.000.000,Yes,Yes,Jakarta/Bandung/Yoyakarta,Gunawan,082122836526,gunawan@united-trainingdevelopment.com
Electrical Transmission And Distribution,Electrical & Engineering,2 Hari,8 Jam,12-Jun-25,13-Jun-25,IDR 4.000.000,IDR 6.000.000,Yes,Yes,Jakarta/Bandung/Yoyakarta,Gunawan,082122836526,gunawan@united-trainingdevelopment.com
Circuit Breakers and Switchgears,Electrical & Engineering,2 Hari,8 Jam,05-Jun-25,06-May-25,IDR 4.000.000,IDR 6.000.000,Yes,Yes,Jakarta/Bandung/Yoyakarta,Gunawan,082122836526,gunawan@united-trainingdevelopment.com
Distribute Control System (DCS) YOKOGAWA,Electrical & Engineering,2 Hari,8 Jam,19-Feb-25,20-Feb-25,IDR 4.000.000,IDR 6.000.000,Yes,Yes,Jakarta/Bandung/Yoyakarta,Gunawan,082122836526,gunawan@united-trainingdevelopment.com
Electrical  Mechanical Safety,Electrical & Engineering,2 Hari,8 Jam,10-Feb-25,11-Feb-25,IDR 4.000.000,IDR 6.000.000,Yes,Yes,Jakarta/Bandung/Yoyakarta,Gunawan,082122836526,gunawan@united-trainingdevelopment.com
Heavy Equipment Maintenance,Electrical & Engineering,2 Hari,8 Jam,13-Feb-25,14-Feb-25,IDR 4.000.000,IDR 6.000.000,Yes,Yes,Jakarta/Bandung/Yoyakarta,Gunawan,082122836526,gunawan@united-trainingdevelopment.com
"Gas Turbine, Operation, Compressor And Trouble Shooting",Electrical & Engineering,2 Hari,8 Jam,07-May-25,08-May-25,IDR 4.000.000,IDR 6.000.000,Yes,Yes,Jakarta/Bandung/Yoyakarta,Gunawan,082122836526,gunawan@united-trainingdevelopment.com
Hazardous Area & Electric Safety Clasification,Electrical & Engineering,2 Hari,8 Jam,20-Feb-25,21-Feb-25,IDR 4.000.000,IDR 6.000.000,Yes,Yes,Jakarta/Bandung/Yoyakarta,Gunawan,082122836526,gunawan@united-trainingdevelopment.com
Process Reactor Operation Troubleshooting Start-Up and Shutdown,Electrical & Engineering,2 Hari,8 Jam,20-Feb-25,21-Feb-25,IDR 4.000.000,IDR 6.000.000,Yes,Yes,Jakarta/Bandung/Yoyakarta,Gunawan,082122836526,gunawan@united-trainingdevelopment.com
Power Systems Fault Analysis and Protection,Electrical & Engineering,2 Hari,8 Jam,06-Mar-25,07-Mar-25,IDR 4.000.000,IDR 6.000.000,Yes,Yes,Jakarta/Bandung/Yoyakarta,Gunawan,082122836526,gunawan@united-trainingdevelopment.com
Mamajement Pembangkit Dan Distribusi Listrik PLTU,Electrical & Engineering,2 Hari,8 Jam,07-May-25,08-May-25,IDR 4.000.000,IDR 6.000.000,Yes,Yes,Jakarta/Bandung/Yoyakarta,Gunawan,082122836526,gunawan@united-trainingdevelopment.com
PLC & SCADA System,Electrical & Engineering,2 Hari,8 Jam,14-May-25,15-May-25,IDR 4.000.000,IDR 6.000.000,Yes,Yes,Jakarta/Bandung/Yoyakarta,Gunawan,082122836526,gunawan@united-trainingdevelopment.com
Proses Control & Sistem Engeneering,Electrical & Engineering,2 Hari,8 Jam,29-Apr-25,30-Apr-25,IDR 4.000.000,IDR 6.000.000,Yes,Yes,Jakarta/Bandung/Yoyakarta,Gunawan,082122836526,gunawan@united-trainingdevelopment.com
Electrical Power TRansformers,Electrical & Engineering,2 Hari,8 Jam,06-May-25,07-May-25,IDR 4.000.000,IDR 6.000.000,Yes,Yes,Jakarta/Bandung/Yoyakarta,Gunawan,082122836526,gunawan@united-trainingdevelopment.com
Electrical Safety,Electrical & Engineering,2 Hari,8 Jam,15-May-25,16-May-25,IDR 4.000.000,IDR 6.000.000,Yes,Yes,Jakarta/Bandung/Yoyakarta,Gunawan,082122836526,gunawan@united-trainingdevelopment.com
Management Repair & Overhaul,Electrical & Engineering,2 Hari,8 Jam,06-May-25,07-May-25,IDR 4.000.000,IDR 6.000.000,Yes,Yes,Jakarta/Bandung/Yoyakarta,Gunawan,082122836526,gunawan@united-trainingdevelopment.com
Shutdown & Turnarround Management,Electrical & Engineering,2 Hari,8 Jam,14-May-25,15-May-25,IDR 4.000.000,IDR 6.000.000,Yes,Yes,Jakarta/Bandung/Yoyakarta,Gunawan,082122836526,gunawan@united-trainingdevelopment.com
Uninteruptible Power Supplay,Electrical & Engineering,2 Hari,8 Jam,20-Feb-25,21-Feb-25,IDR 4.000.000,IDR 6.000.000,Yes,Yes,Jakarta/Bandung/Yoyakarta,Gunawan,082122836526,gunawan@united-trainingdevelopment.com
Pemeliharaan Pompa,Electrical & Engineering,2 Hari,8 Jam,06-Mar-25,07-Mar-25,IDR 4.000.000,IDR 6.000.000,Yes,Yes,Jakarta/Bandung/Yoyakarta,Gunawan,082122836526,gunawan@united-trainingdevelopment.com
Refractory & Heat Insulation,Electrical & Engineering,2 Hari,8 Jam,13-Feb-25,14-Feb-25,IDR 4.000.000,IDR 6.000.000,Yes,Yes,Jakarta/Bandung/Yoyakarta,Gunawan,082122836526,gunawan@united-trainingdevelopment.com
Proses Control Instrumentation,Electrical & Engineering,2 Hari,8 Jam,21-May-25,22-May-25,IDR 4.000.000,IDR 6.000.000,Yes,Yes,Jakarta/Bandung/Yoyakarta,Gunawan,082122836526,gunawan@united-trainingdevelopment.com
Shutdown and Turnaround Management,Electrical & Engineering,2 Hari,8 Jam,21-May-25,22-May-25,IDR 4.000.000,IDR 6.000.000,Yes,Yes,Jakarta/Bandung/Yoyakarta,Gunawan,082122836526,gunawan@united-trainingdevelopment.com
Programmable Logic Contro Allen Bradley,Electrical & Engineering,2 Hari,8 Jam,13-Feb-25,14-Feb-25,IDR 4.000.000,IDR 6.000.000,Yes,Yes,Jakarta/Bandung/Yoyakarta,Gunawan,082122836526,gunawan@united-trainingdevelopment.com
PLC Siemens S7,Electrical & Engineering,2 Hari,8 Jam,19-Feb-25,20-Feb-25,IDR 4.000.000,IDR 6.000.000,Yes,Yes,Jakarta/Bandung/Yoyakarta,Gunawan,082122836526,gunawan@united-trainingdevelopment.com
P & ID,Electrical & Engineering,2 Hari,8 Jam,21-May-25,22-May-25,IDR 4.000.000,IDR 6.000.000,Yes,Yes,Jakarta/Bandung/Yoyakarta,Gunawan,082122836526,gunawan@united-trainingdevelopment.com
"Corrotion, Metallurgy, and Failur Prevention",Electrical & Engineering,2 Hari,8 Jam,19-Feb-25,20-Feb-25,IDR 4.000.000,IDR 6.000.000,Yes,Yes,Jakarta/Bandung/Yoyakarta,Gunawan,082122836526,gunawan@united-trainingdevelopment.com
Advance PLC & Application,Electrical & Engineering,2 Hari,8 Jam,29-Apr-25,30-Apr-25,IDR 4.000.000,IDR 6.000.000,Yes,Yes,Jakarta/Bandung/Yoyakarta,Gunawan,082122836526,gunawan@united-trainingdevelopment.com
Supervisi Pemeliharaan Pembangkit ,Electrical & Engineering,2 Hari,8 Jam,21-May-25,22-May-25,IDR 4.000.000,IDR 6.000.000,Yes,Yes,Jakarta/Bandung/Yoyakarta,Gunawan,082122836526,gunawan@united-trainingdevelopment.com
Pengoperatian HRSH II,Electrical & Engineering,2 Hari,8 Jam,13-Feb-25,14-Feb-25,IDR 4.000.000,IDR 6.000.000,Yes,Yes,Jakarta/Bandung/Yoyakarta,Gunawan,082122836526,gunawan@united-trainingdevelopment.com
Maintenance Management For Supervisor/Manager,Electrical & Engineering,2 Hari,8 Jam,16-Jan-25,17-Jan-25,IDR 4.000.000,IDR 6.000.000,Yes,Yes,Jakarta/Bandung/Yoyakarta,Gunawan,082122836526,gunawan@united-trainingdevelopment.com
Asset Management Pilar SCM,Electrical & Engineering,2 Hari,8 Jam,27-May-25,28-May-25,IDR 4.000.000,IDR 6.000.000,Yes,Yes,Jakarta/Bandung/Yoyakarta,Gunawan,082122836526,gunawan@united-trainingdevelopment.com
Enginering & Instrument Control Pembangkit,Electrical & Engineering,2 Hari,8 Jam,19-Feb-25,20-Feb-25,IDR 4.000.000,IDR 6.000.000,Yes,Yes,Jakarta/Bandung/Yoyakarta,Gunawan,082122836526,gunawan@united-trainingdevelopment.com
Coal Stockpile Management,Electrical & Engineering,2 Hari,8 Jam,13-Feb-25,14-Feb-25,IDR 4.000.000,IDR 6.000.000,Yes,Yes,Jakarta/Bandung/Yoyakarta,Gunawan,082122836526,gunawan@united-trainingdevelopment.com
Welding Technologi,Electrical & Engineering,2 Hari,8 Jam,19-Feb-25,20-Feb-25,IDR 4.000.000,IDR 6.000.000,Yes,Yes,Jakarta/Bandung/Yoyakarta,Gunawan,082122836526,gunawan@united-trainingdevelopment.com
Management Overhaul,Electrical & Engineering,2 Hari,8 Jam,29-Apr-25,30-Apr-25,IDR 4.000.000,IDR 6.000.000,Yes,Yes,Jakarta/Bandung/Yoyakarta,Gunawan,082122836526,gunawan@united-trainingdevelopment.com
Vibration  Analysis,Electrical & Engineering,2 Hari,8 Jam,15-May-25,15-May-25,IDR 4.000.000,IDR 6.000.000,Yes,Yes,Jakarta/Bandung/Yoyakarta,Gunawan,082122836526,gunawan@united-trainingdevelopment.com
FMEA & RCFA,Electrical & Engineering,2 Hari,8 Jam,16-Jan-25,17-Jan-25,IDR 4.000.000,IDR 6.000.000,Yes,Yes,Jakarta/Bandung/Yoyakarta,Gunawan,082122836526,gunawan@united-trainingdevelopment.com
Evaluasi & Pegendalian Kinerja Pembangkit,Electrical & Engineering,2 Hari,8 Jam,15-May-25,15-May-25,IDR 4.000.000,IDR 6.000.000,Yes,Yes,Jakarta/Bandung/Yoyakarta,Gunawan,082122836526,gunawan@united-trainingdevelopment.com
Electrical Power System Analysis Using Etap,Electrical & Engineering,2 Hari,8 Jam,05-Jun-25,06-Jun-25,IDR 4.000.000,IDR 6.000.000,Yes,Yes,Jakarta/Bandung/Yoyakarta,Gunawan,082122836526,gunawan@united-trainingdevelopment.com
HVAC System & PLC Control,Electrical & Engineering,2 Hari,8 Jam,11-Feb-25,12-Feb-25,IDR 4.000.000,IDR 6.000.000,Yes,Yes,Jakarta/Bandung/Yoyakarta,Gunawan,082122836526,gunawan@united-trainingdevelopment.com
Balancing Rotating Machinery,Electrical & Engineering,2 Hari,8 Jam,05-Jun-25,06-Jun-25,IDR 4.000.000,IDR 6.000.000,Yes,Yes,Jakarta/Bandung/Yoyakarta,Gunawan,082122836526,gunawan@united-trainingdevelopment.com
Coal Fired Power Plant Performance Analysis,Electrical & Engineering,2 Hari,8 Jam,11-Feb-25,12-Feb-25,IDR 4.000.000,IDR 6.000.000,Yes,Yes,Jakarta/Bandung/Yoyakarta,Gunawan,082122836526,gunawan@united-trainingdevelopment.com
Budgeting & Cost Control,Electrical & Engineering,2 Hari,8 Jam,19-Jun-25,20-Jun-25,IDR 4.000.000,IDR 6.000.000,Yes,Yes,Jakarta/Bandung/Yoyakarta,Gunawan,082122836526,gunawan@united-trainingdevelopment.com
Pemeliharaan Generator & Auxilliary,Electrical & Engineering,2 Hari,8 Jam,20-May-25,21-May-25,IDR 4.000.000,IDR 6.000.000,Yes,Yes,Jakarta/Bandung/Yoyakarta,Gunawan,082122836526,gunawan@united-trainingdevelopment.com
Supervisi Pemeliharaan Pembangkit ,Electrical & Engineering,2 Hari,8 Jam,12-Jun-25,13-Jun-25,IDR 4.000.000,IDR 6.000.000,Yes,Yes,Jakarta/Bandung/Yoyakarta,Gunawan,082122836526,gunawan@united-trainingdevelopment.com
Dasar Programable PLC,Electrical & Engineering,2 Hari,8 Jam,04-Mar-25,05-Mar-25,IDR 4.000.000,IDR 6.000.000,Yes,Yes,Jakarta/Bandung/Yoyakarta,Gunawan,082122836526,gunawan@united-trainingdevelopment.com
HVAC System,Electrical & Engineering,2 Hari,8 Jam,12-Jun-25,13-Jun-25,IDR 4.000.000,IDR 6.000.000,Yes,Yes,Jakarta/Bandung/Yoyakarta,Gunawan,082122836526,gunawan@united-trainingdevelopment.com
Pelumas dan System Pelumasan,Electrical & Engineering,2 Hari,8 Jam,18-Jun-25,19-Jun-25,IDR 4.000.000,IDR 6.000.000,Yes,Yes,Jakarta/Bandung/Yoyakarta,Gunawan,082122836526,gunawan@united-trainingdevelopment.com
Pengoperasian PLTG/PLTGU,Electrical & Engineering,2 Hari,8 Jam,07-Jul-25,08-Jul-25,IDR 4.000.000,IDR 6.000.000,Yes,Yes,Jakarta/Bandung/Yoyakarta,Gunawan,082122836526,gunawan@united-trainingdevelopment.com
Pemeliharaan Transformator,Electrical & Engineering,2 Hari,8 Jam,18-Jun-25,19-Jun-25,IDR 4.000.000,IDR 6.000.000,Yes,Yes,Jakarta/Bandung/Yoyakarta,Gunawan,082122836526,gunawan@united-trainingdevelopment.com
Pemeliharaan Mesin Diesel,Electrical & Engineering,2 Hari,8 Jam,18-Jun-25,19-Jun-25,IDR 4.000.000,IDR 6.000.000,Yes,Yes,Jakarta/Bandung/Yoyakarta,Gunawan,082122836526,gunawan@united-trainingdevelopment.com
Deklarasi Kondisi & Indeks Kinerja Pembangkit,Electrical & Engineering,2 Hari,8 Jam,22-Apr-25,23-Apr-25,IDR 4.000.000,IDR 6.000.000,Yes,Yes,Jakarta/Bandung/Yoyakarta,Gunawan,082122836526,gunawan@united-trainingdevelopment.com
Pemeliharaan Proteksi Peralatan Electrikal Pembangkit,Electrical & Engineering,2 Hari,8 Jam,08-Jul-25,09-Jul-25,IDR 4.000.000,IDR 6.000.000,Yes,Yes,Jakarta/Bandung/Yoyakarta,Gunawan,082122836526,gunawan@united-trainingdevelopment.com
Bisnis Proses Pembangkit,Electrical & Engineering,2 Hari,8 Jam,11-Jul-25,12-Jul-25,IDR 4.000.000,IDR 6.000.000,Yes,Yes,Jakarta/Bandung/Yoyakarta,Gunawan,082122836526,gunawan@united-trainingdevelopment.com
Advance Maintenance Management,Maintenance & Mechanical,2 Hari,8 Jam,16-Jul-25,17-Jul-25,IDR 4.000.000,IDR 6.000.000,Yes,Yes,Jakarta/Bandung/Yoyakarta,Gunawan,082122836526,gunawan@united-trainingdevelopment.com
Pengoperatian Boiler,Maintenance & Mechanical,2 Hari,8 Jam,13-Aug-25,14-Aug-25,IDR 4.000.000,IDR 6.000.000,Yes,Yes,Jakarta/Bandung/Yoyakarta,Gunawan,082122836526,gunawan@united-trainingdevelopment.com
Building Management And Maintenance,Maintenance & Mechanical,2 Hari,8 Jam,08-Jul-25,09-Jul-25,IDR 4.000.000,IDR 6.000.000,Yes,Yes,Jakarta/Bandung/Yoyakarta,Gunawan,082122836526,gunawan@united-trainingdevelopment.com
Autonomous Maintenance,Maintenance & Mechanical,2 Hari,8 Jam,24-Jun-25,25-Jun-25,IDR 4.000.000,IDR 6.000.000,Yes,Yes,Jakarta/Bandung/Yoyakarta,Gunawan,082122836526,gunawan@united-trainingdevelopment.com
"COMPRESSOR; Technique, Operation and Maintenance",Maintenance & Mechanical,2 Hari,8 Jam,13-Aug-25,14-Aug-25,IDR 4.000.000,IDR 6.000.000,Yes,Yes,Jakarta/Bandung/Yoyakarta,Gunawan,082122836526,gunawan@united-trainingdevelopment.com
Conveyer Operation & Maintenance,Maintenance & Mechanical,2 Hari,8 Jam,08-Jul-25,09-Jul-25,IDR 4.000.000,IDR 6.000.000,Yes,Yes,Jakarta/Bandung/Yoyakarta,Gunawan,082122836526,gunawan@united-trainingdevelopment.com
Failur Mode Effect Analysys ( FMEA ),Maintenance & Mechanical,2 Hari,8 Jam,24-Jun-25,25-Jun-25,IDR 4.000.000,IDR 6.000.000,Yes,Yes,Jakarta/Bandung/Yoyakarta,Gunawan,082122836526,gunawan@united-trainingdevelopment.com
Fiber Optics Maintenance,Maintenance & Mechanical,2 Hari,8 Jam,16-Jul-25,17-Jul-25,IDR 4.000.000,IDR 6.000.000,Yes,Yes,Jakarta/Bandung/Yoyakarta,Gunawan,082122836526,gunawan@united-trainingdevelopment.com
Autonomous Maintenance : Breakdown Prevention By Operators,Maintenance & Mechanical,2 Hari,8 Jam,05-Aug-25,06-Aug-25,IDR 4.000.000,IDR 6.000.000,Yes,Yes,Jakarta/Bandung/Yoyakarta,Gunawan,082122836526,gunawan@united-trainingdevelopment.com
Implementing Reliability Centered Maintenance,Maintenance & Mechanical,2 Hari,8 Jam,16-Jul-25,17-Jul-25,IDR 4.000.000,IDR 6.000.000,Yes,Yes,Jakarta/Bandung/Yoyakarta,Gunawan,082122836526,gunawan@united-trainingdevelopment.com
Implementing Total Productive Maintenance,Maintenance & Mechanical,2 Hari,8 Jam,21-Jul-25,22-Jul-25,IDR 4.000.000,IDR 6.000.000,Yes,Yes,Jakarta/Bandung/Yoyakarta,Gunawan,082122836526,gunawan@united-trainingdevelopment.com
Instrumentation Process Control,Maintenance & Mechanical,2 Hari,8 Jam,06-Aug-25,07-Aug-25,IDR 4.000.000,IDR 6.000.000,Yes,Yes,Jakarta/Bandung/Yoyakarta,Gunawan,082122836526,gunawan@united-trainingdevelopment.com
Predictive And Preventive Maintenance,Maintenance & Mechanical,2 Hari,8 Jam,13-Aug-25,14-Aug-25,IDR 4.000.000,IDR 6.000.000,Yes,Yes,Jakarta/Bandung/Yoyakarta,Gunawan,082122836526,gunawan@united-trainingdevelopment.com
"Reliability, Availability & Maintainability Analysis",Maintenance & Mechanical,2 Hari,8 Jam,24-Jul-25,25-Jul-25,IDR 4.000.000,IDR 6.000.000,Yes,Yes,Jakarta/Bandung/Yoyakarta,Gunawan,082122836526,gunawan@united-trainingdevelopment.com
TPM (Total Preventive Maintenance) by Machine Overhauling,Maintenance & Mechanical,2 Hari,8 Jam,29-Jan-25,30-Jan-25,IDR 4.000.000,IDR 6.000.000,Yes,Yes,Jakarta/Bandung/Yoyakarta,Gunawan,082122836526,gunawan@united-trainingdevelopment.com
Pemeliharaan Pompa,Maintenance & Mechanical,2 Hari,8 Jam,13-Aug-25,14-Aug-25,IDR 4.000.000,IDR 6.000.000,Yes,Yes,Jakarta/Bandung/Yoyakarta,Gunawan,082122836526,gunawan@united-trainingdevelopment.com
Pemeliharaan Compressor,Maintenance & Mechanical,2 Hari,8 Jam,12-Aug-25,13-Aug-25,IDR 4.000.000,IDR 6.000.000,Yes,Yes,Jakarta/Bandung/Yoyakarta,Gunawan,082122836526,gunawan@united-trainingdevelopment.com
"Reability, Avaibility, and Maintainability",Maintenance & Mechanical,2 Hari,8 Jam,23-Jul-25,24-Jul-25,IDR 4.000.000,IDR 6.000.000,Yes,Yes,Jakarta/Bandung/Yoyakarta,Gunawan,082122836526,gunawan@united-trainingdevelopment.com
Pemeliharaan Switchgear,Maintenance & Mechanical,2 Hari,8 Jam,19-Aug-25,20-Aug-25,IDR 4.000.000,IDR 6.000.000,Yes,Yes,Jakarta/Bandung/Yoyakarta,Gunawan,082122836526,gunawan@united-trainingdevelopment.com
Pemeliharaan Turbin,Maintenance & Mechanical,2 Hari,8 Jam,08-Sep-25,09-Sep-25,IDR 4.000.000,IDR 6.000.000,Yes,Yes,Jakarta/Bandung/Yoyakarta,Gunawan,082122836526,gunawan@united-trainingdevelopment.com
Pemeliharaan Toll,Maintenance & Mechanical,2 Hari,8 Jam,22-Jul-25,23-Jul-25,IDR 4.000.000,IDR 6.000.000,Yes,Yes,Jakarta/Bandung/Yoyakarta,Gunawan,082122836526,gunawan@united-trainingdevelopment.com
"PM, PDM, PRO - Active Maintenance",Maintenance & Mechanical,2 Hari,8 Jam,27-Aug-25,28-Aug-25,IDR 4.000.000,IDR 6.000.000,Yes,Yes,Jakarta/Bandung/Yoyakarta,Gunawan,082122836526,gunawan@united-trainingdevelopment.com
Management Overhaul,Maintenance & Mechanical,2 Hari,8 Jam,09-Sep-25,10-Sep-25,IDR 4.000.000,IDR 6.000.000,Yes,Yes,Jakarta/Bandung/Yoyakarta,Gunawan,082122836526,gunawan@united-trainingdevelopment.com
Zero Break Down through SMDE (Small Defect Elimination),Maintenance & Mechanical,2 Hari,8 Jam,11-Sep-25,12-Sep-25,IDR 4.000.000,IDR 6.000.000,Yes,Yes,Jakarta/Bandung/Yoyakarta,Gunawan,082122836526,gunawan@united-trainingdevelopment.com
"Heat Exchangers: Operation, Maintenance And Troubleshooting",Maintenance & Mechanical,2 Hari,8 Jam,21-Aug-25,22-Aug-25,IDR 4.000.000,IDR 6.000.000,Yes,Yes,Jakarta/Bandung/Yoyakarta,Gunawan,082122836526,gunawan@united-trainingdevelopment.com
Integrated Maintenance And Spare Parts Management,Maintenance & Mechanical,2 Hari,8 Jam,29-Apr-25,30-Apr-25,IDR 4.000.000,IDR 6.000.000,Yes,Yes,Jakarta/Bandung/Yoyakarta,Gunawan,082122836526,gunawan@united-trainingdevelopment.com
HVAC System Operation & Maintenance,Maintenance & Mechanical,2 Hari,8 Jam,26-Feb-25,27-Apr-25,IDR 4.000.000,IDR 6.000.000,Yes,Yes,Jakarta/Bandung/Yoyakarta,Gunawan,082122836526,gunawan@united-trainingdevelopment.com
Mechanical Seal,Maintenance & Mechanical,2 Hari,8 Jam,27-May-25,28-May-25,IDR 4.000.000,IDR 6.000.000,Yes,Yes,Jakarta/Bandung/Yoyakarta,Gunawan,082122836526,gunawan@united-trainingdevelopment.com
Perawatan Belt Conveyor,Maintenance & Mechanical,2 Hari,8 Jam,21-May-25,22-May-25,IDR 4.000.000,IDR 6.000.000,Yes,Yes,Jakarta/Bandung/Yoyakarta,Gunawan,082122836526,gunawan@united-trainingdevelopment.com
Teknik Dasar Pengujian Kimia Berbasis Competensi,Maintenance & Mechanical,2 Hari,8 Jam,09-Oct-25,10-Oct-25,IDR 4.000.000,IDR 6.000.000,Yes,Yes,Jakarta/Bandung/Yoyakarta,Gunawan,082122836526,gunawan@united-trainingdevelopment.com
FMEA & RCFA,Maintenance & Mechanical,2 Hari,8 Jam,16-Oct-25,17-Oct-25,IDR 4.000.000,IDR 6.000.000,Yes,Yes,Jakarta/Bandung/Yoyakarta,Gunawan,082122836526,gunawan@united-trainingdevelopment.com
Lubrication System Bearing Technology,Maintenance & Mechanical,2 Hari,8 Jam,21-Oct-25,22-Oct-25,IDR 4.000.000,IDR 6.000.000,Yes,Yes,Jakarta/Bandung/Yoyakarta,Gunawan,082122836526,gunawan@united-trainingdevelopment.com
Roller Bearing & Lubrication Analysys,Maintenance & Mechanical,2 Hari,8 Jam,22-Oct-25,23-Oct-25,IDR 4.000.000,IDR 6.000.000,Yes,Yes,Jakarta/Bandung/Yoyakarta,Gunawan,082122836526,gunawan@united-trainingdevelopment.com
Vibration Analysis,Maintenance & Mechanical,2 Hari,8 Jam,06-Nov-25,07-Nov-25,IDR 4.000.000,IDR 6.000.000,Yes,Yes,Jakarta/Bandung/Yoyakarta,Gunawan,082122836526,gunawan@united-trainingdevelopment.com
Valve and Actuator Technologies,Maintenance & Mechanical,2 Hari,8 Jam,09-Sep-25,10-Sep-25,IDR 4.000.000,IDR 6.000.000,Yes,Yes,Jakarta/Bandung/Yoyakarta,Gunawan,082122836526,gunawan@united-trainingdevelopment.com
Safety Instrumented Systems and Emergency Shutdown,Maintenance & Mechanical,2 Hari,8 Jam,11-Sep-25,12-Sep-25,IDR 4.000.000,IDR 6.000.000,Yes,Yes,Jakarta/Bandung/Yoyakarta,Gunawan,082122836526,gunawan@united-trainingdevelopment.com
Lube Oil Analysis Tribology,Maintenance & Mechanical,2 Hari,8 Jam,16-Nov-25,17-Nov-25,IDR 4.000.000,IDR 6.000.000,Yes,Yes,Jakarta/Bandung/Yoyakarta,Gunawan,082122836526,gunawan@united-trainingdevelopment.com
Autonomous Maintenance,Maintenance & Mechanical,2 Hari,8 Jam,14-Oct-25,15-Oct-25,IDR 4.000.000,IDR 6.000.000,Yes,Yes,Jakarta/Bandung/Yoyakarta,Gunawan,082122836526,gunawan@united-trainingdevelopment.com
Distribute Control System  (DCS) YOKOGAWA,Maintenance & Mechanical,2 Hari,8 Jam,15-Dec-25,16-Dec-25,IDR 4.000.000,IDR 6.000.000,Yes,Yes,Jakarta/Bandung/Yoyakarta,Gunawan,082122836526,gunawan@united-trainingdevelopment.com
Corrosion Enginering For Non Enginer,Maintenance & Mechanical,2 Hari,8 Jam,26-Aug-25,27-Aug-25,IDR 4.000.000,IDR 6.000.000,Yes,Yes,Jakarta/Bandung/Yoyakarta,Gunawan,082122836526,gunawan@united-trainingdevelopment.com
Root Cause Analysis,Maintenance & Mechanical,2 Hari,8 Jam,16-Sep-25,17-Sep-25,IDR 4.000.000,IDR 6.000.000,Yes,Yes,Jakarta/Bandung/Yoyakarta,Gunawan,082122836526,gunawan@united-trainingdevelopment.com
Risk Analysys,Maintenance & Mechanical,2 Hari,8 Jam,26-Aug-25,27-Aug-25,IDR 4.000.000,IDR 6.000.000,Yes,Yes,Jakarta/Bandung/Yoyakarta,Gunawan,082122836526,gunawan@united-trainingdevelopment.com
Coal Stockpile Management,Maintenance & Mechanical,2 Hari,8 Jam,16-Jul-25,17-Jul-25,IDR 4.000.000,IDR 6.000.000,Yes,Yes,Jakarta/Bandung/Yoyakarta,Gunawan,082122836526,gunawan@united-trainingdevelopment.com
Maintenance Building,Maintenance & Mechanical,2 Hari,8 Jam,18-Jun-25,19-Jun-25,IDR 4.000.000,IDR 6.000.000,Yes,Yes,Jakarta/Bandung/Yoyakarta,Gunawan,082122836526,gunawan@united-trainingdevelopment.com
Boiler Operation and Maintenance,Maintenance & Mechanical,2 Hari,8 Jam,09-Jul-25,10-Jul-25,IDR 4.000.000,IDR 6.000.000,Yes,Yes,Jakarta/Bandung/Yoyakarta,Gunawan,082122836526,gunawan@united-trainingdevelopment.com
5S In Manufacturing: Pondasi Dasar menuju World Class Manufacturing,Manufacturing & Logistics,2 Hari,8 Jam,08-Jul-25,09-Jun-25,IDR 4.000.000,IDR 6.000.000,Yes,Yes,Jakarta/Bandung/Yoyakarta,Gunawan,082122836526,gunawan@united-trainingdevelopment.com
Best Pratice Manufacturing Management,Manufacturing & Logistics,2 Hari,8 Jam,10-Sep-25,11-Sep-25,IDR 4.000.000,IDR 6.000.000,Yes,Yes,Jakarta/Bandung/Yoyakarta,Gunawan,082122836526,gunawan@united-trainingdevelopment.com
Comprehensive Problem Solving for Manufacturing,Manufacturing & Logistics,2 Hari,8 Jam,08-Jul-25,09-Jun-25,IDR 4.000.000,IDR 6.000.000,Yes,Yes,Jakarta/Bandung/Yoyakarta,Gunawan,082122836526,gunawan@united-trainingdevelopment.com
Lean Management In Manufacturing,Manufacturing & Logistics,2 Hari,8 Jam,12-Jun-25,13-Jun-25,IDR 4.000.000,IDR 6.000.000,Yes,Yes,Jakarta/Bandung/Yoyakarta,Gunawan,082122836526,gunawan@united-trainingdevelopment.com
Lean Manufacturing System,Manufacturing & Logistics,2 Hari,8 Jam,28-May-25,29-May-25,IDR 4.000.000,IDR 6.000.000,Yes,Yes,Jakarta/Bandung/Yoyakarta,Gunawan,082122836526,gunawan@united-trainingdevelopment.com
Coatings and Paint Technology,Manufacturing & Logistics,2 Hari,8 Jam,23-Jul-25,24-Jul-25,IDR 4.000.000,IDR 6.000.000,Yes,Yes,Jakarta/Bandung/Yoyakarta,Gunawan,082122836526,gunawan@united-trainingdevelopment.com
Developing Manufacturing Performance Indicator,Manufacturing & Logistics,2 Hari,8 Jam,06-May-25,07-May-25,IDR 4.000.000,IDR 6.000.000,Yes,Yes,Jakarta/Bandung/Yoyakarta,Gunawan,082122836526,gunawan@united-trainingdevelopment.com
Lean Six Sigma,Manufacturing & Logistics,2 Hari,8 Jam,22-Jan-25,23-Jan-25,IDR 4.000.000,IDR 6.000.000,Yes,Yes,Jakarta/Bandung/Yoyakarta,Gunawan,082122836526,gunawan@united-trainingdevelopment.com
Lean Production for Operation Excellence,Manufacturing & Logistics,2 Hari,8 Jam,21-May-25,22-May-25,IDR 4.000.000,IDR 6.000.000,Yes,Yes,Jakarta/Bandung/Yoyakarta,Gunawan,082122836526,gunawan@united-trainingdevelopment.com
Manufacturing Planning &Control,Manufacturing & Logistics,2 Hari,8 Jam,05-Feb-25,06-Feb-25,IDR 4.000.000,IDR 6.000.000,Yes,Yes,Jakarta/Bandung/Yoyakarta,Gunawan,082122836526,gunawan@united-trainingdevelopment.com
Practical Lean Problem Solving,Manufacturing & Logistics,2 Hari,8 Jam,07-Mar-25,08-Mar-25,IDR 4.000.000,IDR 6.000.000,Yes,Yes,Jakarta/Bandung/Yoyakarta,Gunawan,082122836526,gunawan@united-trainingdevelopment.com
Time & Motion Study For Lean Manufacturing,Manufacturing & Logistics,2 Hari,8 Jam,20-May-25,21-May-25,IDR 4.000.000,IDR 6.000.000,Yes,Yes,Jakarta/Bandung/Yoyakarta,Gunawan,082122836526,gunawan@united-trainingdevelopment.com
Workload Analysis di Manufacturing (Manhourunit),Manufacturing & Logistics,2 Hari,8 Jam,18-Jun-25,19-Jun-25,IDR 4.000.000,IDR 6.000.000,Yes,Yes,Jakarta/Bandung/Yoyakarta,Gunawan,082122836526,gunawan@united-trainingdevelopment.com
Management Pengadaan Barang & Jasa,Manufacturing & Logistics,2 Hari,8 Jam,18-Jun-25,19-Jun-25,IDR 4.000.000,IDR 6.000.000,Yes,Yes,Jakarta/Bandung/Yoyakarta,Gunawan,082122836526,gunawan@united-trainingdevelopment.com
Dissolved Gas Analysis,Manufacturing & Logistics,2 Hari,8 Jam,04-Nov-25,05-Nov-25,IDR 4.000.000,IDR 6.000.000,Yes,Yes,Jakarta/Bandung/Yoyakarta,Gunawan,082122836526,gunawan@united-trainingdevelopment.com
Warehouse Operation & Management,Manufacturing & Logistics,2 Hari,8 Jam,18-Jun-25,19-Jun-25,IDR 4.000.000,IDR 6.000.000,Yes,Yes,Jakarta/Bandung/Yoyakarta,Gunawan,082122836526,gunawan@united-trainingdevelopment.com
Stock Control & Inventory Planning,Manufacturing & Logistics,2 Hari,8 Jam,07-May-25,08-May-25,IDR 4.000.000,IDR 6.000.000,Yes,Yes,Jakarta/Bandung/Yoyakarta,Gunawan,082122836526,gunawan@united-trainingdevelopment.com
Operational Planning in Supply Chain Management,Manufacturing & Logistics,2 Hari,8 Jam,13-May-25,14-May-25,IDR 4.000.000,IDR 6.000.000,Yes,Yes,Jakarta/Bandung/Yoyakarta,Gunawan,082122836526,gunawan@united-trainingdevelopment.com
Management Purchasing and Procurement,Manufacturing & Logistics,2 Hari,8 Jam,13-Feb-25,14-Feb-25,IDR 4.000.000,IDR 6.000.000,Yes,Yes,Jakarta/Bandung/Yoyakarta,Gunawan,082122836526,gunawan@united-trainingdevelopment.com
Management Proyek,Manufacturing & Logistics,2 Hari,8 Jam,19-Feb-25,20-Feb-25,IDR 4.000.000,IDR 6.000.000,Yes,Yes,Jakarta/Bandung/Yoyakarta,Gunawan,082122836526,gunawan@united-trainingdevelopment.com
Logistic & Warehouse Management,Manufacturing & Logistics,2 Hari,8 Jam,26-Feb-25,27-Feb-25,IDR 4.000.000,IDR 6.000.000,Yes,Yes,Jakarta/Bandung/Yoyakarta,Gunawan,082122836526,gunawan@united-trainingdevelopment.com
Inventory Management & Control,Manufacturing & Logistics,2 Hari,8 Jam,04-Jun-25,05-Feb-25,IDR 4.000.000,IDR 6.000.000,Yes,Yes,Jakarta/Bandung/Yoyakarta,Gunawan,082122836526,gunawan@united-trainingdevelopment.com
Inventory Management & Warehousing,Manufacturing & Logistics,2 Hari,8 Jam,11-Feb-25,12-Feb-25,IDR 4.000.000,IDR 6.000.000,Yes,Yes,Jakarta/Bandung/Yoyakarta,Gunawan,082122836526,gunawan@united-trainingdevelopment.com
Practical Lean Problem Solving,Manufacturing & Logistics,2 Hari,8 Jam,17-Sep-25,18-Sep-25,IDR 4.000.000,IDR 6.000.000,Yes,Yes,Jakarta/Bandung/Yoyakarta,Gunawan,082122836526,gunawan@united-trainingdevelopment.com
e-Procurement: Aplikasi dan Implementasi,Manufacturing & Logistics,2 Hari,8 Jam,11-Sep-25,12-Sep-25,IDR 4.000.000,IDR 6.000.000,Yes,Yes,Jakarta/Bandung/Yoyakarta,Gunawan,082122836526,gunawan@united-trainingdevelopment.com
Best Practise Vendor Managenet,Manufacturing & Logistics,2 Hari,8 Jam,17-Sep-25,18-Sep-25,IDR 4.000.000,IDR 6.000.000,Yes,Yes,Jakarta/Bandung/Yoyakarta,Gunawan,082122836526,gunawan@united-trainingdevelopment.com
Purchasing Exellence Administration,Manufacturing & Logistics,2 Hari,8 Jam,21-Oct-25,22-Oct-25,IDR 4.000.000,IDR 6.000.000,Yes,Yes,Jakarta/Bandung/Yoyakarta,Gunawan,082122836526,gunawan@united-trainingdevelopment.com
Strategic Vendor Management,Manufacturing & Logistics,2 Hari,8 Jam,21-Oct-25,22-Oct-25,IDR 4.000.000,IDR 6.000.000,Yes,Yes,Jakarta/Bandung/Yoyakarta,Gunawan,082122836526,gunawan@united-trainingdevelopment.com
Best Practise SparePart Management,Manufacturing & Logistics,2 Hari,8 Jam,20-Aug-25,21-Aug-25,IDR 4.000.000,IDR 6.000.000,Yes,Yes,Jakarta/Bandung/Yoyakarta,Gunawan,082122836526,gunawan@united-trainingdevelopment.com
Performance Management,Manufacturing & Logistics,2 Hari,8 Jam,22-Jul-25,23-Jul-25,IDR 4.000.000,IDR 6.000.000,Yes,Yes,Jakarta/Bandung/Yoyakarta,Gunawan,082122836526,gunawan@united-trainingdevelopment.com
Procrument Negotiation & Contracting Strategi,Manufacturing & Logistics,2 Hari,8 Jam,20-Aug-25,21-Aug-25,IDR 4.000.000,IDR 6.000.000,Yes,Yes,Jakarta/Bandung/Yoyakarta,Gunawan,082122836526,gunawan@united-trainingdevelopment.com
Management 5S / 5R,Manufacturing & Logistics,2 Hari,8 Jam,11-Jun-25,12-Jun-.25,IDR 4.000.000,IDR 6.000.000,Yes,Yes,Jakarta/Bandung/Yoyakarta,Gunawan,082122836526,gunawan@united-trainingdevelopment.com
Poka Yoke,Manufacturing & Logistics,2 Hari,8 Jam,15-Jun-25,16-Jun-25,IDR 4.000.000,IDR 6.000.000,Yes,Yes,Jakarta/Bandung/Yoyakarta,Gunawan,082122836526,gunawan@united-trainingdevelopment.com
Laporan Logistic,Manufacturing & Logistics,2 Hari,8 Jam,22-Jul-25,23-Jul-25,IDR 4.000.000,IDR 6.000.000,Yes,Yes,Jakarta/Bandung/Yoyakarta,Gunawan,082122836526,gunawan@united-trainingdevelopment.com
Logistic Day Of Improvement,Manufacturing & Logistics,2 Hari,8 Jam,19-Aug-25,20-Aug-25,IDR 4.000.000,IDR 6.000.000,Yes,Yes,Jakarta/Bandung/Yoyakarta,Gunawan,082122836526,gunawan@united-trainingdevelopment.com
Effective Logistic Management,Manufacturing & Logistics,2 Hari,8 Jam,15-Jun-25,16-Jun-25,IDR 4.000.000,IDR 6.000.000,Yes,Yes,Jakarta/Bandung/Yoyakarta,Gunawan,082122836526,gunawan@united-trainingdevelopment.com
ISO 1400I,Manufacturing & Logistics,2 Hari,8 Jam,15-Jun-25,16-Jun-25,IDR 4.000.000,IDR 6.000.000,Yes,Yes,Jakarta/Bandung/Yoyakarta,Gunawan,082122836526,gunawan@united-trainingdevelopment.com
Ware House Barcode Management,Manufacturing & Logistics,2 Hari,8 Jam,15-Jun-25,16-Jun-25,IDR 4.000.000,IDR 6.000.000,Yes,Yes,Jakarta/Bandung/Yoyakarta,Gunawan,082122836526,gunawan@united-trainingdevelopment.com
Project Procrument Management,Manufacturing & Logistics,2 Hari,8 Jam,09-Sep-25,10-Sep-25,IDR 4.000.000,IDR 6.000.000,Yes,Yes,Jakarta/Bandung/Yoyakarta,Gunawan,082122836526,gunawan@united-trainingdevelopment.com
Warehouse And Inventory Management,Manufacturing & Logistics,2 Hari,8 Jam,11-Jun-25,12-Jun-.25,IDR 4.000.000,IDR 6.000.000,Yes,Yes,Jakarta/Bandung/Yoyakarta,Gunawan,082122836526,gunawan@united-trainingdevelopment.com
Strategi Implementasi Project Management Office (PMO),Manufacturing & Logistics,2 Hari,8 Jam,15-Jul-25,16-Jul-25,IDR 4.000.000,IDR 6.000.000,Yes,Yes,Jakarta/Bandung/Yoyakarta,Gunawan,082122836526,gunawan@united-trainingdevelopment.com
Effective Recuitment & Selection,Manufacturing & Logistics,2 Hari,8 Jam,27-May-25,28-May-25,IDR 4.000.000,IDR 6.000.000,Yes,Yes,Jakarta/Bandung/Yoyakarta,Gunawan,082122836526,gunawan@united-trainingdevelopment.com
Job Analysis & Job Evaluation,Manufacturing & Logistics,2 Hari,8 Jam,15-Jul-25,16-Jul-25,IDR 4.000.000,IDR 6.000.000,Yes,Yes,Jakarta/Bandung/Yoyakarta,Gunawan,082122836526,gunawan@united-trainingdevelopment.com
Effective Coaching & Couseling Skill,Manufacturing & Logistics,2 Hari,8 Jam,27-May-25,28-May-25,IDR 4.000.000,IDR 6.000.000,Yes,Yes,Jakarta/Bandung/Yoyakarta,Gunawan,082122836526,gunawan@united-trainingdevelopment.com
Succesful Management Of Training,Manufacturing & Logistics,2 Hari,8 Jam,20-May-25,21-May-25,IDR 4.000.000,IDR 6.000.000,Yes,Yes,Jakarta/Bandung/Yoyakarta,Gunawan,082122836526,gunawan@united-trainingdevelopment.com
Managing Operating For Performance Improvement,Manufacturing & Logistics,2 Hari,8 Jam,11-Jun-25,12-Jun-.25,IDR 4.000.000,IDR 6.000.000,Yes,Yes,Jakarta/Bandung/Yoyakarta,Gunawan,082122836526,gunawan@united-trainingdevelopment.com
Manufacturing Productivity Improvement,Manufacturing & Logistics,2 Hari,8 Jam,11-Mar-25,12-Mar-25,IDR 4.000.000,IDR 6.000.000,Yes,Yes,Jakarta/Bandung/Yoyakarta,Gunawan,082122836526,gunawan@united-trainingdevelopment.com
Customer Excelence For Security,Manufacturing & Logistics,2 Hari,8 Jam,20-May-25,21-May-25,IDR 4.000.000,IDR 6.000.000,Yes,Yes,Jakarta/Bandung/Yoyakarta,Gunawan,082122836526,gunawan@united-trainingdevelopment.com
Basic Exelence For Security,Manufacturing & Logistics,2 Hari,8 Jam,11-Mar-25,12-Mar-25,IDR 4.000.000,IDR 6.000.000,Yes,Yes,Jakarta/Bandung/Yoyakarta,Gunawan,082122836526,gunawan@united-trainingdevelopment.com
Operation & Production Management,Manufacturing & Logistics,2 Hari,8 Jam,12-Jun-25,13-Jun-25,IDR 4.000.000,IDR 6.000.000,Yes,Yes,Jakarta/Bandung/Yoyakarta,Gunawan,082122836526,gunawan@united-trainingdevelopment.com
Strategic Tender Management,Manufacturing & Logistics,2 Hari,8 Jam,10-Jul-25,11-Jul-25,IDR 4.000.000,IDR 6.000.000,Yes,Yes,Jakarta/Bandung/Yoyakarta,Gunawan,082122836526,gunawan@united-trainingdevelopment.com
Procurement Management In Project,Manufacturing & Logistics,2 Hari,8 Jam,22-Jul-25,23-Jul-25,IDR 4.000.000,IDR 6.000.000,Yes,Yes,Jakarta/Bandung/Yoyakarta,Gunawan,082122836526,gunawan@united-trainingdevelopment.com
"Diversity,Equity, & Inclusion ( DEI )",Manufacturing & Logistics,2 Hari,8 Jam,22-May-25,23-May-25,IDR 4.000.000,IDR 6.000.000,Yes,Yes,Jakarta/Bandung/Yoyakarta,Gunawan,082122836526,gunawan@united-trainingdevelopment.com
Quality Assurance,Manufacturing & Logistics,2 Hari,8 Jam,08-Jul-25,09-Jul-25,IDR 4.000.000,IDR 6.000.000,Yes,Yes,Jakarta/Bandung/Yoyakarta,Gunawan,082122836526,gunawan@united-trainingdevelopment.com
Logistic SCM,Manufacturing & Logistics,2 Hari,8 Jam,19-Feb-25,20-Feb-25,IDR 4.000.000,IDR 6.000.000,Yes,Yes,Jakarta/Bandung/Yoyakarta,Gunawan,082122836526,gunawan@united-trainingdevelopment.com
Product Development With APQP & PPAP,Manufacturing & Logistics,2 Hari,8 Jam,19-Feb-25,20-Feb-25,IDR 4.000.000,IDR 6.000.000,Yes,Yes,Jakarta/Bandung/Yoyakarta,Gunawan,082122836526,gunawan@united-trainingdevelopment.com
Advance Product Quality Planning ( APQP ),Manufacturing & Logistics,2 Hari,8 Jam,08-Jul-25,09-Jul-25,IDR 4.000.000,IDR 6.000.000,Yes,Yes,Jakarta/Bandung/Yoyakarta,Gunawan,082122836526,gunawan@united-trainingdevelopment.com
Office Management,Manufacturing & Logistics,2 Hari,8 Jam,19-Feb-25,20-Feb-25,IDR 4.000.000,IDR 6.000.000,Yes,Yes,Jakarta/Bandung/Yoyakarta,Gunawan,082122836526,gunawan@united-trainingdevelopment.com
Manufacturing Planning Control,Manufacturing & Logistics,2 Hari,8 Jam,08-Jul-25,09-Jul-25,IDR 4.000.000,IDR 6.000.000,Yes,Yes,Jakarta/Bandung/Yoyakarta,Gunawan,082122836526,gunawan@united-trainingdevelopment.com
Lean Production System,Manufacturing & Logistics,2 Hari,8 Jam,14-Aug-25,15-Aug-25,IDR 4.000.000,IDR 6.000.000,Yes,Yes,Jakarta/Bandung/Yoyakarta,Gunawan,082122836526,gunawan@united-trainingdevelopment.com
Office Management & Administration,Manufacturing & Logistics,2 Hari,8 Jam,10-Jun-25,11-Jun-25,IDR 4.000.000,IDR 6.000.000,Yes,Yes,Jakarta/Bandung/Yoyakarta,Gunawan,082122836526,gunawan@united-trainingdevelopment.com
Project Risk Management,Managerial & Soft Skill,2 Hari,8 Jam,09-Sep-25,10-Sep-25,IDR 4.000.000,IDR 6.000.000,Yes,Yes,Jakarta/Bandung/Yoyakarta,Gunawan,082122836526,gunawan@united-trainingdevelopment.com
Advanced Leadership Di Era Vuca,Managerial & Soft Skill,2 Hari,8 Jam,09-Sep-25,10-Sep-25,IDR 4.000.000,IDR 4.000.000,Yes,Yes,Jakarta/Bandung/Yoyakarta,Gunawan,082122836526,gunawan@united-trainingdevelopment.com
Teknik Penyusunan Standard Operating Procedure,Managerial & Soft Skill,2 Hari,8 Jam,19-Aug-25,20-Aug-25,IDR 4.000.000,IDR 4.000.000,Yes,Yes,Jakarta/Bandung/Yoyakarta,Gunawan,082122836526,gunawan@united-trainingdevelopment.com
Performance Appraisal & Management,Managerial & Soft Skill,2 Hari,8 Jam,08-Jul-25,09=-07-2025,IDR 4.000.000,IDR 4.000.000,Yes,Yes,Jakarta/Bandung/Yoyakarta,Gunawan,082122836526,gunawan@united-trainingdevelopment.com
Personal Development Attitude Excellent For High Performance,Managerial & Soft Skill,2 Hari,8 Jam,07-Agt-25,08-Agt-25,IDR 4.000.000,IDR 4.000.000,Yes,Yes,Jakarta/Bandung/Yoyakarta,Gunawan,082122836526,gunawan@united-trainingdevelopment.com
Effective Shopfloor Leadership,Managerial & Soft Skill,2 Hari,8 Jam,09-Jul-25,10-Jul-25,IDR 4.000.000,IDR 6.000.000,Yes,Yes,Jakarta/Bandung/Yoyakarta,Gunawan,082122836526,gunawan@united-trainingdevelopment.com
Leadership Fore Manager,Managerial & Soft Skill,2 Hari,8 Jam,07-Agt-25,08-Agt-25,IDR 4.000.000,IDR 6.000.000,Yes,Yes,Jakarta/Bandung/Yoyakarta,Gunawan,082122836526,gunawan@united-trainingdevelopment.com
Communication Skills for Supervisors,Managerial & Soft Skill,2 Hari,8 Jam,08-Jul-25,09-Jul-25,IDR 4.000.000,IDR 6.000.000,Yes,Yes,Jakarta/Bandung/Yoyakarta,Gunawan,082122836526,gunawan@united-trainingdevelopment.com
Electronic Document Management System (EDMS),Managerial & Soft Skill,2 Hari,8 Jam,19-Aug-25,20-Aug-25,IDR 4.000.000,IDR 6.000.000,Yes,Yes,Jakarta/Bandung/Yoyakarta,Gunawan,082122836526,gunawan@united-trainingdevelopment.com
HR Management Development Program,Managerial & Soft Skill,2 Hari,8 Jam,21-Oct-2025,22-Oct-25,IDR 4.000.000,IDR 6.000.000,Yes,Yes,Jakarta/Bandung/Yoyakarta,Gunawan,082122836526,gunawan@united-trainingdevelopment.com
Pubblic Speaking For Leader,Managerial & Soft Skill,2 Hari,8 Jam,19-Aug-25,20-Aug-25,IDR 4.000.000,IDR 6.000.000,Yes,Yes,Jakarta/Bandung/Yoyakarta,Gunawan,082122836526,gunawan@united-trainingdevelopment.com
KPI For Employee Performance Management,Managerial & Soft Skill,2 Hari,8 Jam,21-Oct-2025,22-Oct-25,IDR 4.000.000,IDR 6.000.000,Yes,Yes,Jakarta/Bandung/Yoyakarta,Gunawan,082122836526,gunawan@united-trainingdevelopment.com
Base Recruitment & Selection,Managerial & Soft Skill,2 Hari,8 Jam,08-Jul-25,09-Jul-25,IDR 4.000.000,IDR 6.000.000,Yes,Yes,Jakarta/Bandung/Yoyakarta,Gunawan,082122836526,gunawan@united-trainingdevelopment.com
Building Leadership,Managerial & Soft Skill,2 Hari,8 Jam,21-Oct-2025,22-Oct-25,IDR 4.000.000,IDR 6.000.000,Yes,Yes,Jakarta/Bandung/Yoyakarta,Gunawan,082122836526,gunawan@united-trainingdevelopment.com
Public Speaking and Master Of Ceremony,Managerial & Soft Skill,2 Hari,8 Jam,08-Jul-25,09-Jul-25,IDR 4.000.000,IDR 6.000.000,Yes,Yes,Jakarta/Bandung/Yoyakarta,Gunawan,082122836526,gunawan@united-trainingdevelopment.com
Good Corporate Governance (GCG) Implementation,Managerial & Soft Skill,2 Hari,8 Jam,08-Jul-25,08-Jul-25,IDR 4.000.000,IDR 6.000.000,Yes,Yes,Jakarta/Bandung/Yoyakarta,Gunawan,082122836526,gunawan@united-trainingdevelopment.com
Writing Effective Reports,Managerial & Soft Skill,2 Hari,8 Jam,21-Oct-2025,22-Oct-25,IDR 4.000.000,IDR 6.000.000,Yes,Yes,Jakarta/Bandung/Yoyakarta,Gunawan,082122836526,gunawan@united-trainingdevelopment.com
Advance Project Management,Managerial & Soft Skill,2 Hari,8 Jam,19-Aug-25,20-Aug-25,IDR 4.000.000,IDR 6.000.000,Yes,Yes,Jakarta/Bandung/Yoyakarta,Gunawan,082122836526,gunawan@united-trainingdevelopment.com
Strategic Planning & Transformational Leadership Skill,Managerial & Soft Skill,2 Hari,8 Jam,07-Aug-25,08-Aug-25,IDR 4.000.000,IDR 6.000.000,Yes,Yes,Jakarta/Bandung/Yoyakarta,Gunawan,082122836526,gunawan@united-trainingdevelopment.com
Assertive Communication Skill,Managerial & Soft Skill,2 Hari,8 Jam,21-Oct-25,22-Oct-25,IDR 4.000.000,IDR 6.000.000,Yes,Yes,Jakarta/Bandung/Yoyakarta,Gunawan,082122836526,gunawan@united-trainingdevelopment.com
Management Efisiensi,Managerial & Soft Skill,2 Hari,8 Jam,11-Sep-25,12-Sep-25,IDR 4.000.000,IDR 6.000.000,Yes,Yes,Jakarta/Bandung/Yoyakarta,Gunawan,082122836526,gunawan@united-trainingdevelopment.com
Communication Skills for Supervisors,Managerial & Soft Skill,2 Hari,8 Jam,27-Jan-25,28-Jan-25,IDR 4.000.000,IDR 6.000.000,Yes,Yes,Jakarta/Bandung/Yoyakarta,Gunawan,082122836526,gunawan@united-trainingdevelopment.com
Conflict Management Skills for Managers and Leaders,Managerial & Soft Skill,2 Hari,8 Jam,15-Sep-25,16-Sep-25,IDR 4.000.000,IDR 6.000.000,Yes,Yes,Jakarta/Bandung/Yoyakarta,Gunawan,082122836526,gunawan@united-trainingdevelopment.com
Contract Administration,Managerial & Soft Skill,2 Hari,8 Jam,21-Aug-25,22-Aug-25,IDR 4.000.000,IDR 6.000.000,Yes,Yes,Jakarta/Bandung/Yoyakarta,Gunawan,082122836526,gunawan@united-trainingdevelopment.com
Contract Management And Legal Aspek,Managerial & Soft Skill,2 Hari,8 Jam,04-Aug-25,05-Apr-02,IDR 4.000.000,IDR 6.000.000,Yes,Yes,Jakarta/Bandung/Yoyakarta,Gunawan,082122836526,gunawan@united-trainingdevelopment.com
Report Writing Skill,Managerial & Soft Skill,2 Hari,8 Jam,14-Jul-25,15-Jul-25,IDR 4.000.000,IDR 6.000.000,Yes,Yes,Jakarta/Bandung/Yoyakarta,Gunawan,082122836526,gunawan@united-trainingdevelopment.com
Training Within Industry,Managerial & Soft Skill,2 Hari,8 Jam,08-Jul-25,09-Jul-07,IDR 4.000.000,IDR 6.000.000,Yes,Yes,Jakarta/Bandung/Yoyakarta,Gunawan,082122836526,gunawan@united-trainingdevelopment.com
Vendor & Procrument Management,Managerial & Soft Skill,2 Hari,8 Jam,18-Jun-25,19-Jun-25,IDR 4.000.000,IDR 6.000.000,Yes,Yes,Jakarta/Bandung/Yoyakarta,Gunawan,082122836526,gunawan@united-trainingdevelopment.com
Total Quality Control,Managerial & Soft Skill,2 Hari,8 Jam,24-Jun-25,25-Jun-25,IDR 4.000.000,IDR 6.000.000,Yes,Yes,Jakarta/Bandung/Yoyakarta,Gunawan,082122836526,gunawan@united-trainingdevelopment.com
Negotiation Skill For Procrument,Managerial & Soft Skill,2 Hari,8 Jam,11-Sep-25,12-Sep-25,IDR 4.000.000,IDR 6.000.000,Yes,Yes,Jakarta/Bandung/Yoyakarta,Gunawan,082122836526,gunawan@united-trainingdevelopment.com
Coaching Continuous Inprovement,Managerial & Soft Skill,2 Hari,8 Jam,12-Nov-25,13-Nov-25,IDR 4.000.000,IDR 6.000.000,Yes,Yes,Jakarta/Bandung/Yoyakarta,Gunawan,082122836526,gunawan@united-trainingdevelopment.com
Leadership For Supervisor,Managerial & Soft Skill,2 Hari,8 Jam,25-Nov-25,26-Nov-25,IDR 4.000.000,IDR 6.000.000,Yes,Yes,Jakarta/Bandung/Yoyakarta,Gunawan,082122836526,gunawan@united-trainingdevelopment.com
Advance Writting Policy And Procedure ( SOP ) ,Managerial & Soft Skill,2 Hari,8 Jam,27-Jan-25,28-Jan-25,IDR 4.000.000,IDR 6.000.000,Yes,Yes,Jakarta/Bandung/Yoyakarta,Gunawan,082122836526,gunawan@united-trainingdevelopment.com
Management Transportasi & Distribusi,Managerial & Soft Skill,2 Hari,8 Jam,20-Nov-25,21-Nov-25,IDR 4.000.000,IDR 6.000.000,Yes,Yes,Jakarta/Bandung/Yoyakarta,Gunawan,082122836526,gunawan@united-trainingdevelopment.com
PPAP & FMEA,Managerial & Soft Skill,2 Hari,8 Jam,17-Sep-25,18-Sep-25,IDR 4.000.000,IDR 6.000.000,Yes,Yes,Jakarta/Bandung/Yoyakarta,Gunawan,082122836526,gunawan@united-trainingdevelopment.com
Negotiation In Procrument,Managerial & Soft Skill,2 Hari,8 Jam,25-Jun-25,26-Jun-25,IDR 4.000.000,IDR 6.000.000,Yes,Yes,Jakarta/Bandung/Yoyakarta,Gunawan,082122836526,gunawan@united-trainingdevelopment.com
Operation Management,Managerial & Soft Skill,2 Hari,8 Jam,20-Agt-25,21-Agt-25,IDR 4.000.000,IDR 6.000.000,Yes,Yes,Jakarta/Bandung/Yoyakarta,Gunawan,082122836526,gunawan@united-trainingdevelopment.com
Effective Shop Floor Leadership,Managerial & Soft Skill,2 Hari,8 Jam,09-Sep-25,10-Sep-25,IDR 4.000.000,IDR 6.000.000,Yes,Yes,Jakarta/Bandung/Yoyakarta,Gunawan,082122836526,gunawan@united-trainingdevelopment.com
Achievement Motivation,Managerial & Soft Skill,2 Hari,8 Jam,19-Jun-25,20-Jun-25,IDR 4.000.000,IDR 6.000.000,Yes,Yes,Jakarta/Bandung/Yoyakarta,Gunawan,082122836526,gunawan@united-trainingdevelopment.com
Quality Control Of Trainer,Managerial & Soft Skill,2 Hari,8 Jam,11-Sep-25,12-Sep-25,IDR 4.000.000,IDR 6.000.000,Yes,Yes,Jakarta/Bandung/Yoyakarta,Gunawan,082122836526,gunawan@united-trainingdevelopment.com
Document Control & Filling System,Managerial & Soft Skill,2 Hari,8 Jam,25-Sep-25,26-Sep-25,IDR 4.000.000,IDR 6.000.000,Yes,Yes,Jakarta/Bandung/Yoyakarta,Gunawan,082122836526,gunawan@united-trainingdevelopment.com
Problem Solving and Decision Making,Managerial & Soft Skill,2 Hari,8 Jam,11-Nov-25,12-Nov-25,IDR 4.000.000,IDR 6.000.000,Yes,Yes,Jakarta/Bandung/Yoyakarta,Gunawan,082122836526,gunawan@united-trainingdevelopment.com
Public Speaking And Presentation Skil,Managerial & Soft Skill,2 Hari,8 Jam,21-Oct-25,22-Oct-25,IDR 4.000.000,IDR 6.000.000,Yes,Yes,Jakarta/Bandung/Yoyakarta,Gunawan,082122836526,gunawan@united-trainingdevelopment.com
Analythical Thinking & Problem Solving,Managerial & Soft Skill,2 Hari,8 Jam,06-Oct-25,07-Oct-25,IDR 4.000.000,IDR 6.000.000,Yes,Yes,Jakarta/Bandung/Yoyakarta,Gunawan,082122836526,gunawan@united-trainingdevelopment.com
Handling Complaint & Difficul Customer,Managerial & Soft Skill,2 Hari,8 Jam,12-Nov-25,13-Nov-25,IDR 4.000.000,IDR 6.000.000,Yes,Yes,Jakarta/Bandung/Yoyakarta,Gunawan,082122836526,gunawan@united-trainingdevelopment.com
Powerless Leadership For Manager,Managerial & Soft Skill,2 Hari,8 Jam,10-Jun-25,11-Jun-25,IDR 4.000.000,IDR 6.000.000,Yes,Yes,Jakarta/Bandung/Yoyakarta,Gunawan,082122836526,gunawan@united-trainingdevelopment.com
Essential Skill For Secretaris,Managerial & Soft Skill,2 Hari,8 Jam,06-Oct-25,07-Oct-25,IDR 4.000.000,IDR 6.000.000,Yes,Yes,Jakarta/Bandung/Yoyakarta,Gunawan,082122836526,gunawan@united-trainingdevelopment.com
Train & Trainer,Managerial & Soft Skill,2 Hari,8 Jam,12-Nov-25,13-Nov-25,IDR 4.000.000,IDR 6.000.000,Yes,Yes,Jakarta/Bandung/Yoyakarta,Gunawan,082122836526,gunawan@united-trainingdevelopment.com
Advance Writting Policy And Procedure ( SOP ) ,Managerial & Soft Skill,2 Hari,8 Jam,06-Oct-25,07-Oct-25,IDR 4.000.000,IDR 6.000.000,Yes,Yes,Jakarta/Bandung/Yoyakarta,Gunawan,082122836526,gunawan@united-trainingdevelopment.com
Strategic Planning & Transformational Leadership Skill,Managerial & Soft Skill,2 Hari,8 Jam,25-Nov-25,26-Nov-25,IDR 4.000.000,IDR 6.000.000,Yes,Yes,Jakarta/Bandung/Yoyakarta,Gunawan,082122836526,gunawan@united-trainingdevelopment.com
Effective Communication & Team Work,Managerial & Soft Skill,2 Hari,8 Jam,18-Jun-25,19-Jun-25,IDR 4.000.000,IDR 6.000.000,Yes,Yes,Jakarta/Bandung/Yoyakarta,Gunawan,082122836526,gunawan@united-trainingdevelopment.com
Program Masa Persiapan Pensiun (MPP),Managerial & Soft Skill,2 Hari,8 Jam,08-Oct-25,09-Oct-25,IDR 4.000.000,IDR 6.000.000,Yes,Yes,Jakarta/Bandung/Yoyakarta,Gunawan,082122836526,gunawan@united-trainingdevelopment.com
Negotiation Skill For Procrument,Managerial & Soft Skill,2 Hari,8 Jam,19-Nov-25,20-Nov-25,IDR 4.000.000,IDR 6.000.000,Yes,Yes,Jakarta/Bandung/Yoyakarta,Gunawan,082122836526,gunawan@united-trainingdevelopment.com
Leadership & Management Skill For HRM,Managerial & Soft Skill,2 Hari,8 Jam,25-Nov-25,26-Nov-25,IDR 4.000.000,IDR 6.000.000,Yes,Yes,Jakarta/Bandung/Yoyakarta,Gunawan,082122836526,gunawan@united-trainingdevelopment.com
Effective Training Managemen,Managerial & Soft Skill,2 Hari,8 Jam,19-Nov-25,20-Nov-25,IDR 4.000.000,IDR 6.000.000,Yes,Yes,Jakarta/Bandung/Yoyakarta,Gunawan,082122836526,gunawan@united-trainingdevelopment.com
Legal Drafting & Writing,Managerial & Soft Skill,2 Hari,8 Jam,17-Sep-25,18-Sep-25,IDR 4.000.000,IDR 6.000.000,Yes,Yes,Jakarta/Bandung/Yoyakarta,Gunawan,082122836526,gunawan@united-trainingdevelopment.com
Communication Management & Managerial Skill,Managerial & Soft Skill,2 Hari,8 Jam,25-Nov-25,26-Nov-25,IDR 4.000.000,IDR 6.000.000,Yes,Yes,Jakarta/Bandung/Yoyakarta,Gunawan,082122836526,gunawan@united-trainingdevelopment.com
Effective Corporate Social Responsibility,Managerial & Soft Skill,2 Hari,8 Jam,19-Nov-25,20-Nov-25,IDR 4.000.000,IDR 6.000.000,Yes,Yes,Jakarta/Bandung/Yoyakarta,Gunawan,082122836526,gunawan@united-trainingdevelopment.com
Effective Time Management,Managerial & Soft Skill,2 Hari,8 Jam,19-Nov-25,20-Nov-25,IDR 4.000.000,IDR 6.000.000,Yes,Yes,Jakarta/Bandung/Yoyakarta,Gunawan,082122836526,gunawan@united-trainingdevelopment.com
Mengadapi Masa Pensiun,Managerial & Soft Skill,2 Hari,8 Jam,08-Oct-25,09-Oct-25,IDR 4.000.000,IDR 6.000.000,Yes,Yes,Jakarta/Bandung/Yoyakarta,Gunawan,082122836526,gunawan@united-trainingdevelopment.com
Leadership For Supervisor & Manager,Managerial & Soft Skill,2 Hari,8 Jam,25-Nov-25,26-Nov-25,IDR 4.000.000,IDR 6.000.000,Yes,Yes,Jakarta/Bandung/Yoyakarta,Gunawan,082122836526,gunawan@united-trainingdevelopment.com
Basic Secretarial Skill,Managerial & Soft Skill,2 Hari,8 Jam,14-Oct-25,15-Oct-25,IDR 4.000.000,IDR 6.000.000,Yes,Yes,Jakarta/Bandung/Yoyakarta,Gunawan,082122836526,gunawan@united-trainingdevelopment.com
AMDAL,Health Safety Environment,2 Hari,8 Jam,08-Oct-25,09-Oct-25,IDR 4.000.000,IDR 6.000.000,Yes,Yes,Jakarta/Bandung/Yoyakarta,Gunawan,082122836526,gunawan@united-trainingdevelopment.com
Accident Investigation,Health Safety Environment,2 Hari,8 Jam,27-Nov-25,28-Nov-25,IDR 4.000.000,IDR 6.000.000,Yes,Yes,Jakarta/Bandung/Yoyakarta,Gunawan,082122836526,gunawan@united-trainingdevelopment.com
Basic Fire-Fighting,Health Safety Environment,2 Hari,8 Jam,08-Oct-25,09-Oct-25,IDR 4.000.000,IDR 6.000.000,Yes,Yes,Jakarta/Bandung/Yoyakarta,Gunawan,082122836526,gunawan@united-trainingdevelopment.com
Kesehatan Lingkugan Kerja,Health Safety Environment,2 Hari,8 Jam,08-Oct-25,09-Oct-25,IDR 4.000.000,IDR 6.000.000,Yes,Yes,Jakarta/Bandung/Yoyakarta,Gunawan,082122836526,gunawan@united-trainingdevelopment.com
Basic Hazardous Chemical Handling,Health Safety Environment,2 Hari,8 Jam,19-Nov-25,20-Nov-25,IDR 4.000.000,IDR 6.000.000,Yes,Yes,Jakarta/Bandung/Yoyakarta,Gunawan,082122836526,gunawan@united-trainingdevelopment.com
"Chemical Laboratory Instrumentation: Operation,Quality and Safety ",Health Safety Environment,2 Hari,8 Jam,12-Aug-25,13-Aug-25,IDR 4.000.000,IDR 6.000.000,Yes,Yes,Jakarta/Bandung/Yoyakarta,Gunawan,082122836526,gunawan@united-trainingdevelopment.com
Confined Space Entry,Health Safety Environment,2 Hari,8 Jam,14-Oct-25,15-Oct-25,IDR 4.000.000,IDR 6.000.000,Yes,Yes,Jakarta/Bandung/Yoyakarta,Gunawan,082122836526,gunawan@united-trainingdevelopment.com
Contractor Safety Management,Health Safety Environment,2 Hari,8 Jam,15-Jul-25,16-Jul-25,IDR 4.000.000,IDR 6.000.000,Yes,Yes,Jakarta/Bandung/Yoyakarta,Gunawan,082122836526,gunawan@united-trainingdevelopment.com
Emergenci Responplant,Health Safety Environment,2 Hari,8 Jam,13-Aug-25,14-Aug-25,IDR 4.000.000,IDR 6.000.000,Yes,Yes,Jakarta/Bandung/Yoyakarta,Gunawan,082122836526,gunawan@united-trainingdevelopment.com
Pengelolaan Limbah Non Bahan Berbahaya dan Beracun (B3),Health Safety Environment,2 Hari,8 Jam,16-Jul-25,17-Jul-25,IDR 4.000.000,IDR 6.000.000,Yes,Yes,Jakarta/Bandung/Yoyakarta,Gunawan,082122836526,gunawan@united-trainingdevelopment.com
Basic HSE For Oil & Gas,Health Safety Environment,2 Hari,8 Jam,11-Sep-24,12-Oct-23,IDR 4.000.000,IDR 6.000.000,Yes,Yes,Jakarta/Bandung/Yoyakarta,Gunawan,082122836526,gunawan@united-trainingdevelopment.com
Environmental Management,Health Safety Environment,2 Hari,8 Jam,26-Jun-25,27-Jun-25,IDR 4.000.000,IDR 6.000.000,Yes,Yes,Jakarta/Bandung/Yoyakarta,Gunawan,082122836526,gunawan@united-trainingdevelopment.com
H2S and Using breathing apparatus,Health Safety Environment,2 Hari,8 Jam,11-Sep-24,12-Oct-23,IDR 4.000.000,IDR 6.000.000,Yes,Yes,Jakarta/Bandung/Yoyakarta,Gunawan,082122836526,gunawan@united-trainingdevelopment.com
Handling Chemicals-Design for Safe Handling,Health Safety Environment,2 Hari,8 Jam,11-Feb-25,12-Feb-25,IDR 4.000.000,IDR 6.000.000,Yes,Yes,Jakarta/Bandung/Yoyakarta,Gunawan,082122836526,gunawan@united-trainingdevelopment.com
Permit to Work (PTW),Health Safety Environment,2 Hari,8 Jam,26-Jun-25,27-Jun-25,IDR 4.000.000,IDR 6.000.000,Yes,Yes,Jakarta/Bandung/Yoyakarta,Gunawan,082122836526,gunawan@united-trainingdevelopment.com
Advanced Wastewater Treatmnet Plant,Health Safety Environment,2 Hari,8 Jam,26-Jun-25,27-Jun-25,IDR 4.000.000,IDR 6.000.000,Yes,Yes,Jakarta/Bandung/Yoyakarta,Gunawan,082122836526,gunawan@united-trainingdevelopment.com
Safety and Risk Management in Oil and Gas,Health Safety Environment,2 Hari,8 Jam,26-Jun-25,27-Jun-25,IDR 4.000.000,IDR 6.000.000,Yes,Yes,Jakarta/Bandung/Yoyakarta,Gunawan,082122836526,gunawan@united-trainingdevelopment.com
General Safety Management,Health Safety Environment,2 Hari,8 Jam,23-Jul-25,24-Jul-25,IDR 4.000.000,IDR 6.000.000,Yes,Yes,Jakarta/Bandung/Yoyakarta,Gunawan,082122836526,gunawan@united-trainingdevelopment.com
Risk Based Process Safety Management,Health Safety Environment,2 Hari,8 Jam,13-Aug-25,14-Aug-25,IDR 4.000.000,IDR 6.000.000,Yes,Yes,Jakarta/Bandung/Yoyakarta,Gunawan,082122836526,gunawan@united-trainingdevelopment.com
Risk & Control Self Assessment,Health Safety Environment,2 Hari,8 Jam,06-May-25,07-May-25,IDR 4.000.000,IDR 6.000.000,Yes,Yes,Jakarta/Bandung/Yoyakarta,Gunawan,082122836526,gunawan@united-trainingdevelopment.com
Quality Control and Quality Assurance Management,Health Safety Environment,2 Hari,8 Jam,07-May-25,08-May-25,IDR 4.000.000,IDR 6.000.000,Yes,Yes,Jakarta/Bandung/Yoyakarta,Gunawan,082122836526,gunawan@united-trainingdevelopment.com
Emergensy Arrangement,Health Safety Environment,2 Hari,8 Jam,11-Feb-25,12-Feb-25,IDR 4.000.000,IDR 6.000.000,Yes,Yes,Jakarta/Bandung/Yoyakarta,Gunawan,082122836526,gunawan@united-trainingdevelopment.com
Safety Engagement,Health Safety Environment,2 Hari,8 Jam,16-Jul-25,17-Jul-25,IDR 4.000.000,IDR 6.000.000,Yes,Yes,Jakarta/Bandung/Yoyakarta,Gunawan,082122836526,gunawan@united-trainingdevelopment.com
Safety Sustainnability,Health Safety Environment,2 Hari,8 Jam,17-Feb-25,18-Feb-25,IDR 4.000.000,IDR 6.000.000,Yes,Yes,Jakarta/Bandung/Yoyakarta,Gunawan,082122836526,gunawan@united-trainingdevelopment.com
Role Of Responsibility,Health Safety Environment,2 Hari,8 Jam,24-Feb-25,25-Feb-25,IDR 4.000.000,IDR 6.000.000,Yes,Yes,Jakarta/Bandung/Yoyakarta,Gunawan,082122836526,gunawan@united-trainingdevelopment.com
CSMS,Health Safety Environment,2 Hari,8 Jam,22-Jan-25,23-Jan-25,IDR 4.000.000,IDR 6.000.000,Yes,Yes,Jakarta/Bandung/Yoyakarta,Gunawan,082122836526,gunawan@united-trainingdevelopment.com
Management Of Chance,Health Safety Environment,2 Hari,8 Jam,24-Feb-25,25-Feb-25,IDR 4.000.000,IDR 6.000.000,Yes,Yes,Jakarta/Bandung/Yoyakarta,Gunawan,082122836526,gunawan@united-trainingdevelopment.com
Site Sepety Rule,Health Safety Environment,2 Hari,8 Jam,23-Jul-25,24-Jul-25,IDR 4.000.000,IDR 6.000.000,Yes,Yes,Jakarta/Bandung/Yoyakarta,Gunawan,082122836526,gunawan@united-trainingdevelopment.com
Hazop,Health Safety Environment,2 Hari,8 Jam,22-Jun-25,23-Jun-25,IDR 4.000.000,IDR 6.000.000,Yes,Yes,Jakarta/Bandung/Yoyakarta,Gunawan,082122836526,gunawan@united-trainingdevelopment.com
Permit To Work,Health Safety Environment,2 Hari,8 Jam,04-Jun-25,05-Jun-25,IDR 4.000.000,IDR 6.000.000,Yes,Yes,Jakarta/Bandung/Yoyakarta,Gunawan,082122836526,gunawan@united-trainingdevelopment.com
Baricade & Safety Sign,Health Safety Environment,2 Hari,8 Jam,07-May-25,08-May-25,IDR 4.000.000,IDR 6.000.000,Yes,Yes,Jakarta/Bandung/Yoyakarta,Gunawan,082122836526,gunawan@united-trainingdevelopment.com
Incident Report,Health Safety Environment,2 Hari,8 Jam,27-May-25,28-May-25,IDR 4.000.000,IDR 6.000.000,Yes,Yes,Jakarta/Bandung/Yoyakarta,Gunawan,082122836526,gunawan@united-trainingdevelopment.com
Management Lingkugan,Health Safety Environment,2 Hari,8 Jam,07-May-25,08-May-25,IDR 4.000.000,IDR 6.000.000,Yes,Yes,Jakarta/Bandung/Yoyakarta,Gunawan,082122836526,gunawan@united-trainingdevelopment.com
"Indentifikasi Bahaya,Penilaian&Pegendalian Resiko",Health Safety Environment,2 Hari,8 Jam,04-Jun-25,05-Jun-25,IDR 4.000.000,IDR 6.000.000,Yes,Yes,Jakarta/Bandung/Yoyakarta,Gunawan,082122836526,gunawan@united-trainingdevelopment.com
Penaganan Limbah B3 / Non B3,Health Safety Environment,2 Hari,8 Jam,27-May-25,28-May-25,IDR 4.000.000,IDR 6.000.000,Yes,Yes,Jakarta/Bandung/Yoyakarta,Gunawan,082122836526,gunawan@united-trainingdevelopment.com
Management Esensial,Information & Technology,2 Hari,8 Jam,22-Jun-25,23-Jun-25,IDR 4.000.000,IDR 6.000.000,Yes,Yes,Jakarta/Bandung/Yoyakarta,Gunawan,082122836526,gunawan@united-trainingdevelopment.com
IT Helpdesk,Information & Technology,2 Hari,10 Jam,25-Jun-25,26-Jun-25,IDR 4.000.000,IDR 6.000.000,Yes,Yes,Jakarta/Bandung/Yoyakarta,Gunawan,082122836526,gunawan@united-trainingdevelopment.com
Internal Auditor IATF,Information & Technology,2 Hari,8 Jam,27-Jan-25,28-Jan-25,IDR 4.000.000,IDR 6.000.000,Yes,Yes,Jakarta/Bandung/Yoyakarta,Gunawan,082122836526,gunawan@united-trainingdevelopment.com
Microsoft Excel For Basic,Information & Technology,2 Hari,8 Jam,15-Apr-25,16-Apr-25,IDR 4.000.000,IDR 6.000.000,Yes,Yes,Jakarta/Bandung/Yoyakarta,Gunawan,082122836526,gunawan@united-trainingdevelopment.com
Microsoft Excel For Advance & Professional,Information & Technology,2 Hari,8 Jam,14-Apr-25,15-Apr-25,IDR 4.000.000,IDR 6.000.000,Yes,Yes,Jakarta/Bandung/Yoyakarta,Gunawan,082122836526,gunawan@united-trainingdevelopment.com
ISPS CODE,Information & Technology,2 Hari,8 Jam,18-Jun-25,19-Jun-25,IDR 4.000.000,IDR 6.000.000,Yes,Yes,Jakarta/Bandung/Yoyakarta,Gunawan,082122836526,gunawan@united-trainingdevelopment.com
 Project Management with Microsoft Project,Information & Technology,2 Hari,8 Jam,06-Aug-25,07-Aug-25,IDR 4.000.000,IDR 6.000.000,Yes,Yes,Jakarta/Bandung/Yoyakarta,Gunawan,082122836526,gunawan@united-trainingdevelopment.com
 Customize Budgeting and Data Recording with Microsoft Excel,Information & Technology,2 Hari,8 Jam,09-Jul-25,10-Jul-25,IDR 4.000.000,IDR 6.000.000,Yes,Yes,Jakarta/Bandung/Yoyakarta,Gunawan,082122836526,gunawan@united-trainingdevelopment.com
Advance Visual Communication with InfoGraphic in Microsoft PowerPoint,Information & Technology,2 Hari,8 Jam,17-Jul-25,18-Jul-25,IDR 4.000.000,IDR 6.000.000,Yes,Yes,Jakarta/Bandung/Yoyakarta,Gunawan,082122836526,gunawan@united-trainingdevelopment.com
Amazing Presentation with Microsoft PowerPoint,Information & Technology,2 Hari,8 Jam,09-Jul-25,10-Jul-25,IDR 4.000.000,IDR 6.000.000,Yes,Yes,Jakarta/Bandung/Yoyakarta,Gunawan,082122836526,gunawan@united-trainingdevelopment.com
Data Storytelling with Micosoft Excel and PowerPoint,Information & Technology,2 Hari,8 Jam,23-Jun-25,24-Jun-25,IDR 4.000.000,IDR 6.000.000,Yes,Yes,Jakarta/Bandung/Yoyakarta,Gunawan,082122836526,gunawan@united-trainingdevelopment.com
Data Management with Microsoft Excel,Information & Technology,2 Hari,8 Jam,17-Jun-25,18-Jun-25,IDR 4.000.000,IDR 6.000.000,Yes,Yes,Jakarta/Bandung/Yoyakarta,Gunawan,082122836526,gunawan@united-trainingdevelopment.com
E-Filing and Data Management System with Microsoft Excel,Information & Technology,2 Hari,8 Jam,10-Jun-25,11-Jun-25,IDR 4.000.000,IDR 6.000.000,Yes,Yes,Jakarta/Bandung/Yoyakarta,Gunawan,082122836526,gunawan@united-trainingdevelopment.com
VBA Excel with MS Access Databases,Information & Technology,2 Hari,8 Jam,27-May-25,28-May-25,IDR 4.000.000,IDR 6.000.000,Yes,Yes,Jakarta/Bandung/Yoyakarta,Gunawan,082122836526,gunawan@united-trainingdevelopment.com
ISM CODE,Information & Technology,2 Hari,8 Jam,10-Jul-25,11-Jul-25,IDR 4.000.000,IDR 6.000.000,Yes,Yes,Jakarta/Bandung/Yoyakarta,Gunawan,082122836526,gunawan@united-trainingdevelopment.com
Data Analysis with Power BI,Information & Technology,2 Hari,8 Jam,13-May-25,14-May-25,IDR 4.000.000,IDR 6.000.000,Yes,Yes,Jakarta/Bandung/Yoyakarta,Gunawan,082122836526,gunawan@united-trainingdevelopment.com
Dashboard Reporting with PowerPivot in Microsoft Excel,Information & Technology,2 Hari,8 Jam,22-Jan-25,23-Jan-25,IDR 4.000.000,IDR 6.000.000,Yes,Yes,Jakarta/Bandung/Yoyakarta,Gunawan,082122836526,gunawan@united-trainingdevelopment.com
IT Project Management,Information & Technology,2 Hari,8 Jam,22-Jul-25,23-Jul-25,IDR 4.000.000,IDR 6.000.000,Yes,Yes,Jakarta/Bandung/Yoyakarta,Gunawan,082122836526,gunawan@united-trainingdevelopment.com
Material Safety Data Sheet ( MSDS ),Information & Technology,2 Hari,8 Jam,27-Jan-25,28-Jan-25,IDR 4.000.000,IDR 6.000.000,Yes,Yes,Jakarta/Bandung/Yoyakarta,Gunawan,082122836526,gunawan@united-trainingdevelopment.com
Management Asset Berbasis Teknology,Information & Technology,2 Hari,8 Jam,10-Feb-25,11-Feb-25,IDR 4.000.000,IDR 6.000.000,Yes,Yes,Jakarta/Bandung/Yoyakarta,Gunawan,082122836526,gunawan@united-trainingdevelopment.com
Linux Fundamental,Information & Technology,2 Hari,8 Jam,12-Feb-25,13-Feb-25,IDR 4.000.000,IDR 6.000.000,Yes,Yes,Jakarta/Bandung/Yoyakarta,Gunawan,082122836526,gunawan@united-trainingdevelopment.com
Humas & Protokoler,Information & Technology,2 Hari,8 Jam,18-Feb-25,19-Feb-25,IDR 4.000.000,IDR 6.000.000,Yes,Yes,Jakarta/Bandung/Yoyakarta,Gunawan,082122836526,gunawan@united-trainingdevelopment.com
Hukum Pertanahan,Information & Technology,2 Hari,8 Jam,05-Mar-25,06-Mar-25,IDR 4.000.000,IDR 6.000.000,Yes,Yes,Jakarta/Bandung/Yoyakarta,Gunawan,082122836526,gunawan@united-trainingdevelopment.com
Customer Excelence For Security,Information & Technology,2 Hari,8 Jam,21-Oct-25,22-Oct-25,IDR 4.000.000,IDR 6.000.000,Yes,Yes,Jakarta/Bandung/Yoyakarta,Gunawan,082122836526,gunawan@united-trainingdevelopment.com
Microsoft Project,Information & Technology,2 Hari,8 Jam,14-Apr-25,15-Apr-25,IDR 4.000.000,IDR 6.000.000,Yes,Yes,Jakarta/Bandung/Yoyakarta,Gunawan,082122836526,gunawan@united-trainingdevelopment.com
"Creative Reporting Using Excel,Word & Power Point",Information & Technology,2 Hari,8 Jam,07-Mar-25,08-Mar-25,IDR 4.000.000,IDR 6.000.000,Yes,Yes,Jakarta/Bandung/Yoyakarta,Gunawan,082122836526,gunawan@united-trainingdevelopment.com
Database Administrator,Information & Technology,2 Hari,8 Jam,21-Mar-25,22-Mar-25,IDR 4.000.000,IDR 6.000.000,Yes,Yes,Jakarta/Bandung/Yoyakarta,Gunawan,082122836526,gunawan@united-trainingdevelopment.com
Audit Sistem Informasi Berbasis COBIT,Information & Technology,2 Hari,8 Jam,26-Feb-25,27-Feb-25,IDR 4.000.000,IDR 6.000.000,Yes,Yes,Jakarta/Bandung/Yoyakarta,Gunawan,082122836526,gunawan@united-trainingdevelopment.com
Linux Server Administrator,Information & Technology,2 Hari,8 Jam,11-Feb-25,12-Feb-25,IDR 4.000.000,IDR 6.000.000,Yes,Yes,Jakarta/Bandung/Yoyakarta,Gunawan,082122836526,gunawan@united-trainingdevelopment.com
Basic Inteligence For Security,Information & Technology,2 Hari,8 Jam,18-Feb-25,19-Feb-25,IDR 4.000.000,IDR 6.000.000,Yes,Yes,Jakarta/Bandung/Yoyakarta,Gunawan,082122836526,gunawan@united-trainingdevelopment.com
Customer Service Oriantation,Information & Technology,2 Hari,8 Jam,21-Jan-25,22-Jan-25,IDR 4.000.000,IDR 6.000.000,Yes,Yes,Jakarta/Bandung/Yoyakarta,Gunawan,082122836526,gunawan@united-trainingdevelopment.com
Basic Data Analysis with Microsoft Excel,Information & Technology,2 Hari,8 Jam,15-Jan-25,16-Jan-25,IDR 4.000.000,IDR 6.000.000,Yes,Yes,Jakarta/Bandung/Yoyakarta,Gunawan,082122836526,gunawan@united-trainingdevelopment.com
Advance Data Analysis and Dashboard Reporting With Microsoft Excel,Information & Technology,2 Hari,8 Jam,21-Jan-25,22-Jan-25,IDR 4.000.000,IDR 6.000.000,Yes,Yes,Jakarta/Bandung/Yoyakarta,Gunawan,082122836526,gunawan@united-trainingdevelopment.com
IT Risk Management,Information & Technology,2 Hari,8 Jam,15-Jan-25,16-Jan-25,IDR 4.000.000,IDR 6.000.000,Yes,Yes,Jakarta/Bandung/Yoyakarta,Gunawan,082122836526,gunawan@united-trainingdevelopment.com
E-Filling System Soft And Hard Document With Excel & VBA For Management,Information & Technology,2 Hari,8 Jam,29-Jan-25,30-Jan-25,IDR 4.000.000,IDR 6.000.000,Yes,Yes,Jakarta/Bandung/Yoyakarta,Gunawan,082122836526,gunawan@united-trainingdevelopment.com
Best Practices Implementation Of Payroll Administration System With Using Excel,Information & Technology,2 Hari,8 Jam,22-Jan-25,23-Jan-25,IDR 4.000.000,IDR 6.000.000,Yes,Yes,Jakarta/Bandung/Yoyakarta,Gunawan,082122836526,gunawan@united-trainingdevelopment.com
Modern Office Management & Filling System,Information & Technology,2 Hari,8 Jam,16-Jan-25,17-Jan-25,IDR 4.000.000,IDR 6.000.000,Yes,Yes,Jakarta/Bandung/Yoyakarta,Gunawan,082122836526,gunawan@united-trainingdevelopment.com
Manajemen CSR Dan COMDEV,Information & Technology,2 Hari,8 Jam,16-Jun-26,17-Jun-25,IDR 4.000.000,IDR 6.000.000,Yes,Yes,Jakarta/Bandung/Yoyakarta,Gunawan,082122836526,gunawan@united-trainingdevelopment.com
File Management & Database System,Information & Technology,2 Hari,8 Jam,10-Jun-25,11-Jun-25,IDR 4.000.000,IDR 6.000.000,Yes,Yes,Jakarta/Bandung/Yoyakarta,Gunawan,082122836526,gunawan@united-trainingdevelopment.com
Network & System Administration,Information & Technology,2 Hari,8 Jam,26-May-25,27-May-25,IDR 4.000.000,IDR 6.000.000,Yes,Yes,Jakarta/Bandung/Yoyakarta,Gunawan,082122836526,gunawan@united-trainingdevelopment.com
Scheduling & Controlling Project Using Primavera (P6),Information & Technology,2 Hari,8 Jam,20-May-25,21-May-25,IDR 4.000.000,IDR 6.000.000,Yes,Yes,Jakarta/Bandung/Yoyakarta,Gunawan,082122836526,gunawan@united-trainingdevelopment.com
Strategi Implementasi Project Management Office (PMO),Information & Technology,2 Hari,8 Jam,14-May-25,15-May-25,IDR 4.000.000,IDR 6.000.000,Yes,Yes,Jakarta/Bandung/Yoyakarta,Gunawan,082122836526,gunawan@united-trainingdevelopment.com
Project Management Professional ( Exam Preparation PMP /CPAM ),Information & Technology,2 Hari,8 Jam,28-Apr-25,29-Apr-25,IDR 4.000.000,IDR 6.000.000,Yes,Yes,Jakarta/Bandung/Yoyakarta,Gunawan,082122836526,gunawan@united-trainingdevelopment.com
Internal Auditing,Information & Technology,2 Hari,8 Jam,24-Apr-25,25-Apr-25,IDR 4.000.000,IDR 6.000.000,Yes,Yes,Jakarta/Bandung/Yoyakarta,Gunawan,082122836526,gunawan@united-trainingdevelopment.com
Filling System And Documentation,Information & Technology,2 Hari,8 Jam,18-Feb-25,19-Feb-25,IDR 4.000.000,IDR 6.000.000,Yes,Yes,Jakarta/Bandung/Yoyakarta,Gunawan,082122836526,gunawan@united-trainingdevelopment.com
IT Report Management,Information & Technology,2 Hari,8 Jam,11-Feb-25,12-Feb-25,IDR 4.000.000,IDR 6.000.000,Yes,Yes,Jakarta/Bandung/Yoyakarta,Gunawan,082122836526,gunawan@united-trainingdevelopment.com
IT Security Audit,Information & Technology,2 Hari,8 Jam,05-May-25,06-May-25,IDR 4.000.000,IDR 6.000.000,Yes,Yes,Jakarta/Bandung/Yoyakarta,Gunawan,082122836526,gunawan@united-trainingdevelopment.com
Report Wraiting,Information & Technology,2 Hari,8 Jam,13-May-25,14-May-25,IDR 4.000.000,IDR 6.000.000,Yes,Yes,Jakarta/Bandung/Yoyakarta,Gunawan,082122836526,gunawan@united-trainingdevelopment.com
Effective General Affair,Information & Technology,2 Hari,8 Jam,09-Dec-25,10-Dec-25,IDR 4.000.000,IDR 6.000.000,Yes,Yes,Jakarta/Bandung/Yoyakarta,Gunawan,082122836526,gunawan@united-trainingdevelopment.com
Data Center,Information & Technology,2 Hari,8 Jam,03-Dec-25,04-Dec-25,IDR 4.000.000,IDR 6.000.000,Yes,Yes,Jakarta/Bandung/Yoyakarta,Gunawan,082122836526,gunawan@united-trainingdevelopment.com
Program Autocad 3D,Information & Technology,2 Hari,8 Jam,20-Nov-25,21-Nov-25,IDR 4.000.000,IDR 6.000.000,Yes,Yes,Jakarta/Bandung/Yoyakarta,Gunawan,082122836526,gunawan@united-trainingdevelopment.com
Computer Network,Information & Technology,2 Hari,8 Jam,12-Nov-25,13-Nov-25,IDR 4.000.000,IDR 6.000.000,Yes,Yes,Jakarta/Bandung/Yoyakarta,Gunawan,082122836526,gunawan@united-trainingdevelopment.com
Profesional General Affair,Information & Technology,2 Hari,8 Jam,20-May-25,21-May-25,IDR 4.000.000,IDR 6.000.000,Yes,Yes,Jakarta/Bandung/Yoyakarta,Gunawan,082122836526,gunawan@united-trainingdevelopment.com
Cost Control & Management Project,Accounting,2 Hari,8 Jam,12-May-25,13-May-25,IDR 4.000.000,IDR 6.000.000,Yes,Yes,Jakarta/Bandung/Yoyakarta,Gunawan,082122836526,gunawan@united-trainingdevelopment.com
Project Cost Management,Accounting,2 Hari,8 Jam,12-May-25,13-May-25,IDR 4.000.000,IDR 6.000.000,Yes,Yes,Jakarta/Bandung/Yoyakarta,Gunawan,082122836526,gunawan@united-trainingdevelopment.com
Finance For Non Finance,Accounting,2 Hari,8 Jam,24-Apr-25,25-Apr-25,IDR 4.000.000,IDR 6.000.000,Yes,Yes,Jakarta/Bandung/Yoyakarta,Gunawan,082122836526,gunawan@united-trainingdevelopment.com
Total Quality Management,Accounting,2 Hari,8 Jam,22-Apr-25,23-Apr-25,IDR 4.000.000,IDR 6.000.000,Yes,Yes,Jakarta/Bandung/Yoyakarta,Gunawan,082122836526,gunawan@united-trainingdevelopment.com
Letter Of Credit,Accounting,2 Hari,8 Jam,16-Apr-25,17-Apr-25,IDR 4.000.000,IDR 6.000.000,Yes,Yes,Jakarta/Bandung/Yoyakarta,Gunawan,082122836526,gunawan@united-trainingdevelopment.com
Fuinance & Accounting Management,Accounting,2 Hari,8 Jam,08-Jul-25,09-Jul-25,IDR 4.000.000,IDR 6.000.000,Yes,Yes,Jakarta/Bandung/Yoyakarta,Gunawan,082122836526,gunawan@united-trainingdevelopment.com
Anti Fraund Awareness,Accounting,2 Hari,8 Jam,15-May-25,16-May-25,IDR 4.000.000,IDR 6.000.000,Yes,Yes,Jakarta/Bandung/Yoyakarta,Gunawan,082122836526,gunawan@united-trainingdevelopment.com
Laporan Keuangan,Accounting,2 Hari,8 Jam,16-Jun-25,17-Jun-25,IDR 4.000.000,IDR 6.000.000,Yes,Yes,Jakarta/Bandung/Yoyakarta,Gunawan,082122836526,gunawan@united-trainingdevelopment.com
Analysis Laporan Keuangan,Accounting,2 Hari,8 Jam,28-Apr-25,29-Apr-25,IDR 4.000.000,IDR 6.000.000,Yes,Yes,Jakarta/Bandung/Yoyakarta,Gunawan,082122836526,gunawan@united-trainingdevelopment.com
Inventory Management,Accounting,2 Hari,8 Jam,25-Aug-25,26-Aug-25,IDR 4.000.000,IDR 6.000.000,Yes,Yes,Jakarta/Bandung/Yoyakarta,Gunawan,082122836526,gunawan@united-trainingdevelopment.com
Cash Flow & Treasury Managemen,Accounting,2 Hari,8 Jam,25-Aug-25,26-Aug-25,IDR 4.000.000,IDR 6.000.000,Yes,Yes,Jakarta/Bandung/Yoyakarta,Gunawan,082122836526,gunawan@united-trainingdevelopment.com
Basic Accounting,Accounting,2 Hari,8 Jam,25-Aug-25,26-Aug-25,IDR 4.000.000,IDR 6.000.000,Yes,Yes,Jakarta/Bandung/Yoyakarta,Gunawan,082122836526,gunawan@united-trainingdevelopment.com
Finance For Non Finance,Accounting,2 Hari,8 Jam,23-Jan-25,24-Jan-25,IDR 4.000.000,IDR 6.000.000,Yes,Yes,Jakarta/Bandung/Yoyakarta,Gunawan,082122836526,gunawan@united-trainingdevelopment.com
Life Cycle Asseement,Accounting,2 Hari,8 Jam,10-Feb-25,11-Feb-25,IDR 4.000.000,IDR 6.000.000,Yes,Yes,Jakarta/Bandung/Yoyakarta,Gunawan,082122836526,gunawan@united-trainingdevelopment.com
Cost Control ,Accounting,2 Hari,8 Jam,11-Feb-25,12-Feb-25,IDR 4.000.000,IDR 6.000.000,Yes,Yes,Jakarta/Bandung/Yoyakarta,Gunawan,082122836526,gunawan@united-trainingdevelopment.com
Financial Risk Management,Accounting,2 Hari,8 Jam,28-Apr-25,29-Apr-25,IDR 4.000.000,IDR 6.000.000,Yes,Yes,Jakarta/Bandung/Yoyakarta,Gunawan,082122836526,gunawan@united-trainingdevelopment.com
Basic Accounting For Non Accounting,Accounting,2 Hari,8 Jam,23-Jan-25,26-Jan-25,IDR 4.000.000,IDR 6.000.000,Yes,Yes,Jakarta/Bandung/Yoyakarta,Gunawan,082122836526,gunawan@united-trainingdevelopment.com
Budgeting Cost Control,Accounting,2 Hari,8 Jam,12-May-25,13-May-25,IDR 4.000.000,IDR 6.000.000,Yes,Yes,Jakarta/Bandung/Yoyakarta,Gunawan,082122836526,gunawan@united-trainingdevelopment.com
Akutansi Dasar Perbankan,Accounting,2 Hari,8 Jam,12-May-25,13-May-25,IDR 4.000.000,IDR 6.000.000,Yes,Yes,Jakarta/Bandung/Yoyakarta,Gunawan,082122836526,gunawan@united-trainingdevelopment.com
Laporan Pajak,Accounting,2 Hari,8 Jam,07-Apr-25,08-Apr-25,IDR 4.000.000,IDR 6.000.000,Yes,Yes,Jakarta/Bandung/Yoyakarta,Gunawan,082122836526,gunawan@united-trainingdevelopment.com
Penyusunan Harga Perkiraan Sendiri,Accounting,2 Hari,8 Jam,16-Jan-25,17-Jan-25,IDR 4.000.000,IDR 6.000.000,Yes,Yes,Jakarta/Bandung/Yoyakarta,Gunawan,082122836526,gunawan@united-trainingdevelopment.com
Project Cost Management,Accounting,2 Hari,8 Jam,16-Apr-25,17-Apr-25,IDR 4.000.000,IDR 6.000.000,Yes,Yes,Jakarta/Bandung/Yoyakarta,Gunawan,082122836526,gunawan@united-trainingdevelopment.com
Payroll Administration System,Accounting,2 Hari,8 Jam,18-Feb-25,19-Feb-25,IDR 4.000.000,IDR 6.000.000,Yes,Yes,Jakarta/Bandung/Yoyakarta,Gunawan,082122836526,gunawan@united-trainingdevelopment.com
Rekonsiliasi & Ekualisasi Pengisian SPT PPh Badan,Accounting,2 Hari,8 Jam,16-Jun-25,17-Jun-25,IDR 4.000.000,IDR 6.000.000,Yes,Yes,Jakarta/Bandung/Yoyakarta,Gunawan,082122836526,gunawan@united-trainingdevelopment.com
Total Cost Reduction (TCR),Accounting,2 Hari,8 Jam,16-Jun-25,17-Jun-25,IDR 4.000.000,IDR 6.000.000,Yes,Yes,Jakarta/Bandung/Yoyakarta,Gunawan,082122836526,gunawan@united-trainingdevelopment.com
Contract Drafting And Contract Management,Accounting,2 Hari,8 Jam,16-Apr-25,17-Apr-25,IDR 4.000.000,IDR 6.000.000,Yes,Yes,Jakarta/Bandung/Yoyakarta,Gunawan,082122836526,gunawan@united-trainingdevelopment.com
Legal Audit And Legal Opinion,Accounting,2 Hari,8 Jam,08-Jul-25,09-Jul-25,IDR 4.000.000,IDR 6.000.000,Yes,Yes,Jakarta/Bandung/Yoyakarta,Gunawan,082122836526,gunawan@united-trainingdevelopment.com
Analysis Batu Bara,Coal Mining,2 Hari,8 Jam,13-Aug-25,14-ags-2025,IDR 4.000.000,IDR 6.000.000,Yes,Yes,Jakarta/Bandung/Yoyakarta,Gunawan,082122836526,gunawan@united-trainingdevelopment.com
Meaning Feasibility Study,Coal Mining,2 Hari,8 Jam,07-Apr-25,08-Apr-25,IDR 4.000.000,IDR 6.000.000,Yes,Yes,Jakarta/Bandung/Yoyakarta,Gunawan,082122836526,gunawan@united-trainingdevelopment.com
Reklamasi Pertambagan Batu Bara,Coal Mining,2 Hari,8 Jam,28-Apr-25,29-Apr-25,IDR 4.000.000,IDR 6.000.000,Yes,Yes,Jakarta/Bandung/Yoyakarta,Gunawan,082122836526,gunawan@united-trainingdevelopment.com
Kualitas Batu Bara & Stock Pile Management,Coal Mining,2 Hari,8 Jam,10-Feb-25,11-Feb-25,IDR 4.000.000,IDR 6.000.000,Yes,Yes,Jakarta/Bandung/Yoyakarta,Gunawan,082122836526,gunawan@united-trainingdevelopment.com
Coal Fired Power Plant,Coal Mining,2 Hari,8 Jam,19-Feb-25,20-Feb-25,IDR 4.000.000,IDR 6.000.000,Yes,Yes,Jakarta/Bandung/Yoyakarta,Gunawan,082122836526,gunawan@united-trainingdevelopment.com
Coal Quality & Quality Control,Coal Mining,2 Hari,8 Jam,07-Mar-25,08-Mar-25,IDR 4.000.000,IDR 6.000.000,Yes,Yes,Jakarta/Bandung/Yoyakarta,Gunawan,082122836526,gunawan@united-trainingdevelopment.com
Hukum Pertambangan & Minerals,Coal Mining,2 Hari,8 Jam,11-Sep-25,12-Sep-25,IDR 4.000.000,IDR 6.000.000,Yes,Yes,Jakarta/Bandung/Yoyakarta,Gunawan,082122836526,gunawan@united-trainingdevelopment.com
Marine Safety Management,Coal Mining,2 Hari,8 Jam,10-Jul-25,11-Jul-25,IDR 4.000.000,IDR 6.000.000,Yes,Yes,Jakarta/Bandung/Yoyakarta,Gunawan,082122836526,gunawan@united-trainingdevelopment.com
Project Management,Coal Mining,2 Hari,8 Jam,10-Jul-25,11-Jul-25,IDR 4.000.000,IDR 6.000.000,Yes,Yes,Jakarta/Bandung/Yoyakarta,Gunawan,082122836526,gunawan@united-trainingdevelopment.com
Renewable Energy,Coal Mining,2 Hari,8 Jam,07-Mar-25,08-Mar-25,IDR 4.000.000,IDR 6.000.000,Yes,Yes,Jakarta/Bandung/Yoyakarta,Gunawan,082122836526,gunawan@united-trainingdevelopment.com
Supplay Chain Management For Mining & Oil and Gas Industry,Coal Mining,2 Hari,8 Jam,09-Jan-25,10-Jan-25,IDR 4.000.000,IDR 6.000.000,Yes,Yes,Jakarta/Bandung/Yoyakarta,Gunawan,082122836526,gunawan@united-trainingdevelopment.com
Upgrading Batubara,Coal Mining,2 Hari,8 Jam,20-Jan-25,21-Jan-25,IDR 4.000.000,IDR 6.000.000,Yes,Yes,Jakarta/Bandung/Yoyakarta,Gunawan,082122836526,gunawan@united-trainingdevelopment.com
Service Exellence,Customer Services,2 Hari,8 Jam,16-Jun-25,17-Jun-25,IDR 4.000.000,IDR 6.000.000,Yes,Yes,Jakarta/Bandung/Yoyakarta,Gunawan,082122836526,gunawan@united-trainingdevelopment.com
Model Customer Development (MCD),Customer Services,2 Hari,8 Jam,30-Jan-25,31-Jan-25,IDR 4.000.000,IDR 6.000.000,Yes,Yes,Jakarta/Bandung/Yoyakarta,Gunawan,082122836526,gunawan@united-trainingdevelopment.com
HouseKeeping Management,Customer Services,2 Hari,8 Jam,04-Feb-25,05-Feb-25,IDR 4.000.000,IDR 6.000.000,Yes,Yes,Jakarta/Bandung/Yoyakarta,Gunawan,082122836526,gunawan@united-trainingdevelopment.com
Public Speaking and Presentation Skill,Customer Services,2 Hari,8 Jam,13-Feb-25,14-Feb-25,IDR 4.000.000,IDR 6.000.000,Yes,Yes,Jakarta/Bandung/Yoyakarta,Gunawan,082122836526,gunawan@united-trainingdevelopment.com
Communication Skill For Sales,Customer Services,2 Hari,8 Jam,16-Apr-25,17-Apr-25,IDR 4.000.000,IDR 6.000.000,Yes,Yes,Jakarta/Bandung/Yoyakarta,Gunawan,082122836526,gunawan@united-trainingdevelopment.com
Complain Handling Management,Customer Services,2 Hari,8 Jam,21-Apr-25,22-Apr-25,IDR 4.000.000,IDR 6.000.000,Yes,Yes,Jakarta/Bandung/Yoyakarta,Gunawan,082122836526,gunawan@united-trainingdevelopment.com
Management Bisnis Retail,Customer Services,2 Hari,8 Jam,24-Apr-25,25-Apr-25,IDR 4.000.000,IDR 6.000.000,Yes,Yes,Jakarta/Bandung/Yoyakarta,Gunawan,082122836526,gunawan@united-trainingdevelopment.com
Negotiation Skill & Effective Communication,Customer Services,2 Hari,8 Jam,27-May-25,28-May-25,IDR 4.000.000,IDR 6.000.000,Yes,Yes,Jakarta/Bandung/Yoyakarta,Gunawan,082122836526,gunawan@united-trainingdevelopment.com
Communication Skill ,Customer Services,2 Hari,8 Jam,15-May-25,16-May-25,IDR 4.000.000,IDR 6.000.000,Yes,Yes,Jakarta/Bandung/Yoyakarta,Gunawan,082122836526,gunawan@united-trainingdevelopment.com
Customer Service For BPR,Customer Services,2 Hari,8 Jam,20-May-25,21-May-25,IDR 4.000.000,IDR 6.000.000,Yes,Yes,Jakarta/Bandung/Yoyakarta,Gunawan,082122836526,gunawan@united-trainingdevelopment.com
Effective Customer Servis Skill,Customer Services,2 Hari,8 Jam,10-Jun-25,11-Jun-25,IDR 4.000.000,IDR 6.000.000,Yes,Yes,Jakarta/Bandung/Yoyakarta,Gunawan,082122836526,gunawan@united-trainingdevelopment.com
Service To Sales,Customer Services,2 Hari,8 Jam,17-Jun-25,18-Jun-25,IDR 4.000.000,IDR 6.000.000,Yes,Yes,Jakarta/Bandung/Yoyakarta,Gunawan,082122836526,gunawan@united-trainingdevelopment.com
Selling Skills With NLP,Customer Services,2 Hari,8 Jam,19-Jun-25,20-Jun-25,IDR 4.000.000,IDR 6.000.000,Yes,Yes,Jakarta/Bandung/Yoyakarta,Gunawan,082122836526,gunawan@united-trainingdevelopment.com
Complaint Resolution,Customer Services,2 Hari,8 Jam,19-Jun-25,20-Jun-25,IDR 4.000.000,IDR 6.000.000,Yes,Yes,Jakarta/Bandung/Yoyakarta,Gunawan,082122836526,gunawan@united-trainingdevelopment.com
Attitudes For Service,Customer Services,2 Hari,8 Jam,25-Jun-25,26-Jun-25,IDR 4.000.000,IDR 6.000.000,Yes,Yes,Jakarta/Bandung/Yoyakarta,Gunawan,082122836526,gunawan@united-trainingdevelopment.com
Customer Service Fundamental,Customer Services,2 Hari,8 Jam,06-Oct-25,07-101-2025,IDR 4.000.000,IDR 6.000.000,Yes,Yes,Jakarta/Bandung/Yoyakarta,Gunawan,082122836526,gunawan@united-trainingdevelopment.com
Front Liner Basic Skill,Customer Services,2 Hari,8 Jam,09-Oct-25,10-101-2025,IDR 4.000.000,IDR 6.000.000,Yes,Yes,Jakarta/Bandung/Yoyakarta,Gunawan,082122836526,gunawan@united-trainingdevelopment.com
"Marketing, Salesmanship & Customer Service",Customer Services,2 Hari,8 Jam,20-Oct-25,21-Oct-25,IDR 4.000.000,IDR 6.000.000,Yes,Yes,Jakarta/Bandung/Yoyakarta,Gunawan,082122836526,gunawan@united-trainingdevelopment.com
Effective Corporate Social Responsibility,Customer Services,2 Hari,8 Jam,05-Nov-25,06-Nov-25,IDR 4.000.000,IDR 6.000.000,Yes,Yes,Jakarta/Bandung/Yoyakarta,Gunawan,082122836526,gunawan@united-trainingdevelopment.com
Managing Customer Complaint Effectively,Customer Services,2 Hari,8 Jam,11-Nov-25,12-Nov-25,IDR 4.000.000,IDR 6.000.000,Yes,Yes,Jakarta/Bandung/Yoyakarta,Gunawan,082122836526,gunawan@united-trainingdevelopment.com
Call Center,Customer Services,2 Hari,8 Jam,18-Nov-25,19-Nov-25,IDR 4.000.000,IDR 6.000.000,Yes,Yes,Jakarta/Bandung/Yoyakarta,Gunawan,082122836526,gunawan@united-trainingdevelopment.com
Marketing Planning,Customer Services,2 Hari,8 Jam,20-Nov-25,21-Nov-25,IDR 4.000.000,IDR 6.000.000,Yes,Yes,Jakarta/Bandung/Yoyakarta,Gunawan,082122836526,gunawan@united-trainingdevelopment.com
Lean Service,Customer Services,2 Hari,8 Jam,27-Nov-25,28-Nov-25,IDR 4.000.000,IDR 6.000.000,Yes,Yes,Jakarta/Bandung/Yoyakarta,Gunawan,082122836526,gunawan@united-trainingdevelopment.com
Assertive Communication & Interpersonal Skill,Customer Services,2 Hari,8 Jam,09-Dec-25,10-Dec-25,IDR 4.000.000,IDR 6.000.000,Yes,Yes,Jakarta/Bandung/Yoyakarta,Gunawan,082122836526,gunawan@united-trainingdevelopment.com
Customer Service For Security,Customer Services,2 Hari,8 Jam,15-Dec-25,16-Dec-25,IDR 4.000.000,IDR 6.000.000,Yes,Yes,Jakarta/Bandung/Yoyakarta,Gunawan,082122836526,gunawan@united-trainingdevelopment.com
Effective Business And Plan Budgeting,Customer Services,2 Hari,8 Jam,22-Dec-25,23-Dec-25,IDR 4.000.000,IDR 6.000.000,Yes,Yes,Jakarta/Bandung/Yoyakarta,Gunawan,082122836526,gunawan@united-trainingdevelopment.com
Counseling Skill,Customer Services,2 Hari,8 Jam,03-Dec-25,04-Dec-25,IDR 4.000.000,IDR 6.000.000,Yes,Yes,Jakarta/Bandung/Yoyakarta,Gunawan,082122836526,gunawan@united-trainingdevelopment.com
Best Practice Customer Service For Frontliners,Customer Services,2 Hari,8 Jam,26-Aug-25,27-Aug-25,IDR 4.000.000,IDR 6.000.000,Yes,Yes,Jakarta/Bandung/Yoyakarta,Gunawan,082122836526,gunawan@united-trainingdevelopment.com
Professional Receptionist And Operator,Customer Services,2 Hari,8 Jam,08-Sep-25,09-Sep-25,IDR 4.000.000,IDR 6.000.000,Yes,Yes,Jakarta/Bandung/Yoyakarta,Gunawan,082122836526,gunawan@united-trainingdevelopment.com
Effective Training Management,Customer Services,2 Hari,8 Jam,15-Sep-25,16-Sep-25,IDR 4.000.000,IDR 6.000.000,Yes,Yes,Jakarta/Bandung/Yoyakarta,Gunawan,082122836526,gunawan@united-trainingdevelopment.com
Strategic Sales And Marketing,Customer Services,2 Hari,8 Jam,25-Sep-25,26-Sep-25,IDR 4.000.000,IDR 6.000.000,Yes,Yes,Jakarta/Bandung/Yoyakarta,Gunawan,082122836526,gunawan@united-trainingdevelopment.com
Talent Management,Customer Services,2 Hari,8 Jam,21-Aug-25,22-Aug-25,IDR 4.000.000,IDR 6.000.000,Yes,Yes,Jakarta/Bandung/Yoyakarta,Gunawan,082122836526,gunawan@united-trainingdevelopment.com
Contract Drafting And Contract Management & Legas Aspec,Customer Services,2 Hari,8 Jam,14-Aug-25,15-Aug-25,IDR 4.000.000,IDR 6.000.000,Yes,Yes,Jakarta/Bandung/Yoyakarta,Gunawan,082122836526,gunawan@united-trainingdevelopment.com
Strategic Tender Management,Customer Services,2 Hari,8 Jam,11-Aug-25,12-Aug-25,IDR 4.000.000,IDR 6.000.000,Yes,Yes,Jakarta/Bandung/Yoyakarta,Gunawan,082122836526,gunawan@united-trainingdevelopment.com
Public Speaking And Presentation Skil,Customer Services,2 Hari,8 Jam,06-Jul-25,07-Jul-25,IDR 4.000.000,IDR 6.000.000,Yes,Yes,Jakarta/Bandung/Yoyakarta,Gunawan,082122836526,gunawan@united-trainingdevelopment.com
Legal Drafting & Writing,Customer Services,2 Hari,8 Jam,24-Jul-25,25-Jul-25,IDR 4.000.000,IDR 6.000.000,Yes,Yes,Jakarta/Bandung/Yoyakarta,Gunawan,082122836526,gunawan@united-trainingdevelopment.com
Branding Product Strategy,Customer Services,2 Hari,8 Jam,22-Jul-25,23-Jul-25,IDR 4.000.000,IDR 6.000.000,Yes,Yes,Jakarta/Bandung/Yoyakarta,Gunawan,082122836526,gunawan@united-trainingdevelopment.com
Pemeliharaan Asset Perusahaan,Customer Services,2 Hari,8 Jam,09-Jul-25,10-Jul-25,IDR 4.000.000,IDR 6.000.000,Yes,Yes,Jakarta/Bandung/Yoyakarta,Gunawan,082122836526,gunawan@united-trainingdevelopment.com
Marketing Strategy & Busines Development,Customer Services,2 Hari,8 Jam,04-Jul-25,05-Jul-25,IDR 4.000.000,IDR 6.000.000,Yes,Yes,Jakarta/Bandung/Yoyakarta,Gunawan,082122836526,gunawan@united-trainingdevelopment.com
Customer and Supplaier Reletionship,Customer Services,2 Hari,8 Jam,27-May-25,28-May-25,IDR 4.000.000,IDR 6.000.000,Yes,Yes,Jakarta/Bandung/Yoyakarta,Gunawan,082122836526,gunawan@united-trainingdevelopment.com
Media Relation,Customer Services,2 Hari,8 Jam,16-Jun-25,17-Jun-25,IDR 4.000.000,IDR 6.000.000,Yes,Yes,Jakarta/Bandung/Yoyakarta,Gunawan,082122836526,gunawan@united-trainingdevelopment.com
Training & Development,Customer Services,2 Hari,8 Jam,16-Jun-25,17-Jun-25,IDR 4.000.000,IDR 6.000.000,Yes,Yes,Jakarta/Bandung/Yoyakarta,Gunawan,082122836526,gunawan@united-trainingdevelopment.com
Corporate Secretary,Customer Services,2 Hari,8 Jam,16-Jun-25,17-Jun-25,IDR 4.000.000,IDR 6.000.000,Yes,Yes,Jakarta/Bandung/Yoyakarta,Gunawan,082122836526,gunawan@united-trainingdevelopment.com
Customer Relationship Management,Customer Services,2 Hari,8 Jam,16-Jun-25,17-Jun-25,IDR 4.000.000,IDR 6.000.000,Yes,Yes,Jakarta/Bandung/Yoyakarta,Gunawan,082122836526,gunawan@united-trainingdevelopment.com
Budaya Coorporate & Effectivitas Media Kehumasan,Customer Services,2 Hari,8 Jam,20-Jan-25,21-Jan-25,IDR 4.000.000,IDR 6.000.000,Yes,Yes,Jakarta/Bandung/Yoyakarta,Gunawan,082122836526,gunawan@united-trainingdevelopment.com
Product Development,Sales & Marketing,2 Hari,8 Jam,16-Jun-25,17-Jun-25,IDR 4.000.000,IDR 6.000.000,Yes,Yes,Jakarta/Bandung/Yoyakarta,Gunawan,082122836526,gunawan@united-trainingdevelopment.com
Sosial Media Marketing Strategy,Sales & Marketing,2 Hari,8 Jam,10-Feb-25,11-Feb-25,IDR 4.000.000,IDR 6.000.000,Yes,Yes,Jakarta/Bandung/Yoyakarta,Gunawan,082122836526,gunawan@united-trainingdevelopment.com
Leading & Coaching Your Sales,Sales & Marketing,2 Hari,8 Jam,04-Feb-25,05-Feb-25,IDR 4.000.000,IDR 6.000.000,Yes,Yes,Jakarta/Bandung/Yoyakarta,Gunawan,082122836526,gunawan@united-trainingdevelopment.com
Applied Marketing Research Using MS Excel,Sales & Marketing,2 Hari,8 Jam,10-Feb-25,11-Feb-25,IDR 4.000.000,IDR 6.000.000,Yes,Yes,Jakarta/Bandung/Yoyakarta,Gunawan,082122836526,gunawan@united-trainingdevelopment.com
Customer Reletinship Management,Sales & Marketing,2 Hari,8 Jam,21-Jan-25,22-Jan-25,IDR 4.000.000,IDR 6.000.000,Yes,Yes,Jakarta/Bandung/Yoyakarta,Gunawan,082122836526,gunawan@united-trainingdevelopment.com
How To Make Gread Sales Presentation & Negotiotion,Sales & Marketing,2 Hari,8 Jam,13-May-24,14-May-25,IDR 4.000.000,IDR 6.000.000,Yes,Yes,Jakarta/Bandung/Yoyakarta,Gunawan,082122836526,gunawan@united-trainingdevelopment.com
Bussines Inteligent,Sales & Marketing,2 Hari,8 Jam,15-May-25,16-May-25,IDR 4.000.000,IDR 6.000.000,Yes,Yes,Jakarta/Bandung/Yoyakarta,Gunawan,082122836526,gunawan@united-trainingdevelopment.com
Succes Negotiotion High Closing Rate Selling Skill,Sales & Marketing,2 Hari,8 Jam,21-May-25,22-May-25,IDR 4.000.000,IDR 6.000.000,Yes,Yes,Jakarta/Bandung/Yoyakarta,Gunawan,082122836526,gunawan@united-trainingdevelopment.com
Salesmenship,Sales & Marketing,2 Hari,8 Jam,26-May-25,27-May-25,IDR 4.000.000,IDR 6.000.000,Yes,Yes,Jakarta/Bandung/Yoyakarta,Gunawan,082122836526,gunawan@united-trainingdevelopment.com
Effective Sales Skill,Sales & Marketing,2 Hari,8 Jam,08-May-25,09-May-25,IDR 4.000.000,IDR 6.000.000,Yes,Yes,Jakarta/Bandung/Yoyakarta,Gunawan,082122836526,gunawan@united-trainingdevelopment.com
Effective Selling Skill & Negotiotion For AE,Sales & Marketing,2 Hari,8 Jam,22-Jul-25,23-Jul-25,IDR 4.000.000,IDR 6.000.000,Yes,Yes,Jakarta/Bandung/Yoyakarta,Gunawan,082122836526,gunawan@united-trainingdevelopment.com
Custame Focus Selling Skill,Sales & Marketing,2 Hari,8 Jam,12-Aug-25,13-Aug-25,IDR 4.000.000,IDR 6.000.000,Yes,Yes,Jakarta/Bandung/Yoyakarta,Gunawan,082122836526,gunawan@united-trainingdevelopment.com
Sales Managemnt,Sales & Marketing,2 Hari,8 Jam,15-Jul-25,16-Jul-25,IDR 4.000.000,IDR 6.000.000,Yes,Yes,Jakarta/Bandung/Yoyakarta,Gunawan,082122836526,gunawan@united-trainingdevelopment.com
Sales Leadership & Coaching Skill,Sales & Marketing,2 Hari,8 Jam,08-Jul-25,09-Jul-25,IDR 4.000.000,IDR 6.000.000,Yes,Yes,Jakarta/Bandung/Yoyakarta,Gunawan,082122836526,gunawan@united-trainingdevelopment.com
The 7 selling Step For Salles People,Sales & Marketing,2 Hari,8 Jam,24-Jun-25,25-Jun-25,IDR 4.000.000,IDR 6.000.000,Yes,Yes,Jakarta/Bandung/Yoyakarta,Gunawan,082122836526,gunawan@united-trainingdevelopment.com
Sales Canvas,Sales & Marketing,2 Hari,8 Jam,18-Jun-25,19-May-25,IDR 4.000.000,IDR 6.000.000,Yes,Yes,Jakarta/Bandung/Yoyakarta,Gunawan,082122836526,gunawan@united-trainingdevelopment.com
Effective Telemarketing Skill,Sales & Marketing,2 Hari,8 Jam,12-Jun-25,13-Jun-25,IDR 4.000.000,IDR 6.000.000,Yes,Yes,Jakarta/Bandung/Yoyakarta,Gunawan,082122836526,gunawan@united-trainingdevelopment.com
Digital Marketing Strategy,Sales & Marketing,2 Hari,8 Jam,09-May-25,10-Jun-25,IDR 4.000.000,IDR 6.000.000,Yes,Yes,Jakarta/Bandung/Yoyakarta,Gunawan,082122836526,gunawan@united-trainingdevelopment.com
Project Management For Oil & Gas,Oil & Gas,2 Hari,8 Jam,11-Feb-25,12-Feb-25,IDR 4.000.000,IDR 6.000.000,Yes,Yes,Jakarta/Bandung/Yoyakarta,Gunawan,082122836526,gunawan@united-trainingdevelopment.com
Gas Management System,Oil & Gas,2 Hari,8 Jam,20-Feb-25,21-Feb-25,IDR 4.000.000,IDR 6.000.000,Yes,Yes,Jakarta/Bandung/Yoyakarta,Gunawan,082122836526,gunawan@united-trainingdevelopment.com
Electric Submersiele Pumping,Oil & Gas,2 Hari,8 Jam,23-Apr-25,24-Apr-25,IDR 4.000.000,IDR 6.000.000,Yes,Yes,Jakarta/Bandung/Yoyakarta,Gunawan,082122836526,gunawan@united-trainingdevelopment.com
Inteligent Pigging,Oil & Gas,2 Hari,8 Jam,28-Apr-25,29-Apr-25,IDR 4.000.000,IDR 6.000.000,Yes,Yes,Jakarta/Bandung/Yoyakarta,Gunawan,082122836526,gunawan@united-trainingdevelopment.com
Pipe & Pipeline Technology,Oil & Gas,2 Hari,8 Jam,09-May-25,10-Jun-25,IDR 4.000.000,IDR 6.000.000,Yes,Yes,Jakarta/Bandung/Yoyakarta,Gunawan,082122836526,gunawan@united-trainingdevelopment.com
Gas Dispersion Analysis,Oil & Gas,2 Hari,8 Jam,18-Jun-25,19-May-25,IDR 4.000.000,IDR 6.000.000,Yes,Yes,Jakarta/Bandung/Yoyakarta,Gunawan,082122836526,gunawan@united-trainingdevelopment.com
Oil Transpormation Piping,Oil & Gas,2 Hari,8 Jam,09-Dec-25,10-Dec-25,IDR 4.000.000,IDR 6.000.000,Yes,Yes,Jakarta/Bandung/Yoyakarta,Gunawan,082122836526,gunawan@united-trainingdevelopment.com
Oil & gas Handling Fasilities,Oil & Gas,2 Hari,8 Jam,20-Nov-25,21-Nov-25,IDR 4.000.000,IDR 6.000.000,Yes,Yes,Jakarta/Bandung/Yoyakarta,Gunawan,082122836526,gunawan@united-trainingdevelopment.com
Oil & Gas Production System,Oil & Gas,2 Hari,8 Jam,18-Nov-25,19-Nov-25,IDR 4.000.000,IDR 6.000.000,Yes,Yes,Jakarta/Bandung/Yoyakarta,Gunawan,082122836526,gunawan@united-trainingdevelopment.com
H2S Awarennes,Oil & Gas,2 Hari,8 Jam,11-Nov-25,12-Nov-25,IDR 4.000.000,IDR 6.000.000,Yes,Yes,Jakarta/Bandung/Yoyakarta,Gunawan,082122836526,gunawan@united-trainingdevelopment.com
Oil & Gas Measurment,Oil & Gas,2 Hari,8 Jam,15-Oct-25,16-Oct-25,IDR 4.000.000,IDR 6.000.000,Yes,Yes,Jakarta/Bandung/Yoyakarta,Gunawan,082122836526,gunawan@united-trainingdevelopment.com
Gas Procesing & Equipment,Oil & Gas,2 Hari,8 Jam,14-Oct-25,15-Oct-25,IDR 4.000.000,IDR 6.000.000,Yes,Yes,Jakarta/Bandung/Yoyakarta,Gunawan,082122836526,gunawan@united-trainingdevelopment.com
Hazard Indentification,Oil & Gas,2 Hari,8 Jam,07-Oct-25,08-Oct-25,IDR 4.000.000,IDR 6.000.000,Yes,Yes,Jakarta/Bandung/Yoyakarta,Gunawan,082122836526,gunawan@united-trainingdevelopment.com
Casing & Cementing,Oil & Gas,2 Hari,8 Jam,12-Aug-25,13-Aug-25,IDR 4.000.000,IDR 6.000.000,Yes,Yes,Jakarta/Bandung/Yoyakarta,Gunawan,082122836526,gunawan@united-trainingdevelopment.com
Pigging Operation,Oil & Gas,2 Hari,8 Jam,09-May-25,10-Jun-25,IDR 4.000.000,IDR 6.000.000,Yes,Yes,Jakarta/Bandung/Yoyakarta,Gunawan,082122836526,gunawan@united-trainingdevelopment.com
